Site,Type,Transect,Repetition,Genus,Spp,N_ind,N_juv,N_ad,N_m,N_f,Angle,Dis
Ambodivoara,Nocturnal,3,4,Avahi,laniger,1,NA,NA,NA,NA,2.094395102,10
Ambodivoara,Nocturnal,3,5,Allocebus,trichotis,1,NA,NA,NA,NA,4.241150082,7
Ambodivoara,Nocturnal,3,2,Propithecus,candidus,3,NA,NA,NA,NA,1.483529864,23
Ambodivoara,Nocturnal,3,2,Propithecus,candidus,3,NA,NA,NA,NA,1.221730476,20
Ambodivoara,Nocturnal,3,3,Eulemur,rubriventer,1,NA,NA,NA,2,1.570796327,15
Ambodivoara,Diurnal,1,4,Eulemur,albifrons,6,1,NA,3,3,1.221730476,20
Ambodivoara,Diurnal,1,4,Hapalemur,occidentalis,3,NA,NA,NA,NA,0.34906585,10
Ambodivoara,Diurnal,3,5,Hapalemur,occidentalis,NA,NA,NA,NA,NA,NA,NA
Ambodivoara,Nocturnal,3,2,Eulemur,rubriventer,NA,NA,NA,NA,NA,NA,NA
Ambodivoara,Nocturnal,3,3,Eulemur,rubriventer,NA,NA,NA,NA,NA,NA,NA
Ambodivoara,Diurnal,2,5,Eulemur,albifrons,NA,NA,NA,1,NA,1.221730476,16
Ambodivoara,Diurnal,1,5,Propithecus,candidus,3,NA,NA,1,2,1.396263402,20
Ambodivoara,Diurnal,1,5,Hapalemur,occidentalis,1,NA,NA,NA,NA,0.34906585,15
Ambodivoara,Diurnal,3,2,Eulemur,rubriventer,1,NA,NA,1,NA,1.047197551,18
Ambodivoara,Diurnal,3,3,Eulemur,rubriventer,4,NA,NA,1,3,1.221730476,12
Ambodivoara,Diurnal,3,3,Hapalemur,occidentalis,5,NA,NA,NA,NA,1.396263402,15
Ambodivoara,Diurnal,3,4,Propithecus,candidus,2,1,NA,1,1,0,0
Ambodivoara,Diurnal,3,4,Eulemur,rubriventer,2,1,NA,1,1,1.570796327,23
Ambodivoara,Diurnal,1,8,Propithecus,candidus,3,NA,NA,1,2,0,0
Ambodivoara,Diurnal,3,5,Eulemur,albifrons,5,NA,NA,1,4,1.745329252,15
Ambodivoara,Diurnal,2,9,Eulemur,rubriventer,3,NA,NA,1,2,1.570796327,8
Ambodivoara,Diurnal,1,9,Propithecus,candidus,3,NA,NA,1,2,0,0
Ambodivoara,Diurnal,4,1,Eulemur,albifrons,6,NA,NA,3,3,5.235987756,10
Ambodivoara,Diurnal,3,6,Eulemur,rubriventer,2,1,NA,1,1,5.061454831,10
Ambodivoara,Diurnal,3,6,Eulemur,albifrons,2,NA,NA,1,1,5.934119457,8
Ambodivoara,Diurnal,1,10,Hapalemur,occidentalis,1,NA,NA,1,NA,1.570796327,10
Ambodivoara,Diurnal,1,10,Eulemur,rubriventer,2,NA,NA,1,1,5.585053606,12
Ambodivoara,Diurnal,1,10,Eulemur,rubriventer,2,NA,NA,1,1,1.396263402,8
Ambodivoara,Diurnal,3,8,Eulemur,rubriventer,1,NA,NA,1,NA,1.570796327,15
Ambodivoara,Diurnal,1,11,Propithecus,candidus,1,NA,NA,NA,NA,5.026548246,20
Ambodivoara,Diurnal,1,12,Eulemur,rubriventer,4,NA,NA,2,2,0,2
Ambodivoara,Diurnal,4,3,Propithecus,candidus,2,0,NA,1,1,0,2
Ambodivoara,Diurnal,4,4,Propithecus,candidus,3,NA,NA,1,2,0,0
Ambodivoara,Diurnal,1,14,Propithecus,candidus,3,NA,NA,1,2,5.585053606,10
Ambodivoara,Diurnal,4,6,Eulemur,albifrons,5,NA,NA,2,3,5.235987756,10
Ambodivoara,Diurnal,1,16,Hapalemur,occidentalis,1,NA,NA,NA,NA,1.047197551,20
Ambodivoara,Diurnal,2,15,Eulemur,rubriventer,NA,NA,NA,1,NA,0,0
Ambodivoara,Diurnal,2,19,Eulemur,rubriventer,1,NA,NA,1,NA,0,0
Ambodivoara,Diurnal,1,19,Eulemur,rubriventer,2,NA,NA,1,1,0,0
Ambodivoara,Diurnal,2,19,Eulemur,rubriventer,2,NA,NA,NA,NA,1.570796327,20
Ambodivoara,Diurnal,1,21,Eulemur,rubriventer,2,NA,NA,1,1,0,0
Ambodivoara,Diurnal,1,21,Propithecus,candidus,3,NA,NA,1,2,1.570796327,7
Ambodivoara,Diurnal,1,22,Eulemur,albifrons,5,NA,NA,3,2,4.974188368,5
Ambodivoara,Diurnal,1,25,Propithecus,candidus,3,NA,NA,1,2,4.36332313,4
Ambodivoara,Diurnal,4,18,Propithecus,candidus,3,NA,NA,1,2,0.698131701,3
Ambodivoara,Diurnal,4,18,Eulemur,albifrons,1,NA,NA,1,NA,5.061454831,10
Ambodivoara,Diurnal,3,21,Eulemur,rubriventer,3,NA,NA,2,1,2.094395102,10
Ambodivoara,Nocturnal,3,1,Lepilemur,seali,1,NA,NA,NA,NA,0.523598776,8
Ambodivoara,Nocturnal,3,1,Cheirogaleus,crossleyi,1,NA,NA,NA,NA,1.221730476,11
Ambodivoara,Nocturnal,3,1,Microcebus,mittermeieri,1,NA,NA,NA,NA,0.261799388,3
Ambodivoara,Nocturnal,3,1,Microcebus,mittermeieri,1,NA,NA,NA,NA,1.396263402,12
Ambodivoara,Nocturnal,3,1,Microcebus,mittermeieri,1,NA,NA,NA,NA,1.553343034,7
Ambodivoara,Nocturnal,3,1,Microcebus,mittermeieri,1,NA,NA,NA,NA,1.047197551,15
Ambodivoara,Nocturnal,3,1,Avahi,laniger,2,NA,NA,NA,NA,0.698131701,15
Ambodivoara,Nocturnal,1,3,Avahi,laniger,2,NA,NA,NA,NA,0.698131701,16
Ambodivoara,Nocturnal,1,3,Microcebus,mittermeieri,1,NA,NA,NA,NA,0.610865238,20
Ambodivoara,Nocturnal,1,3,Lepilemur,seali,1,NA,NA,NA,NA,0.34906585,12
Ambodivoara,Nocturnal,1,3,Microcebus,mittermeieri,1,NA,NA,NA,NA,0.698131701,12
Ambodivoara,Nocturnal,1,3,Allocebus,trichotis,1,NA,NA,NA,NA,0.872664626,4
Ambodivoara,Nocturnal,2,5,Allocebus,trichotis,1,NA,NA,NA,NA,0.785398163,3
Ambodivoara,Nocturnal,2,5,Allocebus,trichotis,1,NA,NA,NA,NA,0.523598776,7
Ambodivoara,Nocturnal,2,5,Avahi,laniger,1,NA,NA,NA,NA,1.308996939,20
Ambodivoara,Nocturnal,2,5,Microcebus,mittermeieri,1,NA,NA,NA,NA,0.785398163,10
Ambodivoara,Nocturnal,2,5,Avahi,laniger,1,NA,NA,NA,NA,0.34906585,12
Ambodivoara,Nocturnal,2,5,Allocebus,trichotis,1,NA,NA,NA,NA,0.523598776,8
Ambodivoara,Nocturnal,2,6,Microcebus,mittermeieri,2,NA,NA,NA,NA,0,0
Ambodivoara,Nocturnal,2,6,Microcebus,mittermeieri,1,NA,NA,NA,NA,0,0
Ambodivoara,Nocturnal,2,6,Allocebus,trichotis,1,NA,NA,NA,NA,4.939281783,6
Ambodivoara,Nocturnal,2,6,Lepilemur,seali,2,NA,NA,NA,NA,5.201081171,22
Ambodivoara,Nocturnal,3,2,Microcebus,mittermeieri,1,NA,NA,NA,NA,0.698131701,6
Ambodivoara,Nocturnal,3,2,Allocebus,trichotis,1,NA,NA,NA,NA,0.767944871,5
Ambodivoara,Nocturnal,3,2,Avahi,laniger,1,NA,NA,NA,NA,1.221730476,3
Ambodivoara,Nocturnal,3,2,Lepilemur,seali,1,NA,NA,NA,NA,1.396263402,2
Ambodivoara,Nocturnal,3,2,Lepilemur,seali,1,NA,NA,NA,NA,0.523598776,3
Ambodivoara,Nocturnal,1,4,Avahi,laniger,1,NA,NA,NA,NA,5.393067389,9
Ambodivoara,Nocturnal,1,4,Avahi,laniger,1,NA,NA,NA,NA,0,0
Ambodivoara,Nocturnal,3,3,Cheirogaleus,crossleyi,1,NA,NA,NA,NA,1.570796327,30
Ambodivoara,Nocturnal,3,3,Lepilemur,seali,1,NA,NA,NA,NA,1.570796327,5
Ambodivoara,Nocturnal,3,3,Allocebus,trichotis,1,NA,NA,NA,NA,5.218534463,3
Ambodivoara,Nocturnal,3,3,Lepilemur,seali,1,NA,NA,NA,NA,1.570796327,17
Ambodivoara,Nocturnal,3,3,Microcebus,mittermeieri,1,NA,NA,NA,NA,1.570796327,11
Ambodivoara,Nocturnal,3,3,Lepilemur,seali,1,NA,NA,NA,NA,1.570796327,20
Ambodivoara,Nocturnal,3,3,Microcebus,mittermeieri,1,NA,NA,NA,NA,4.171336912,8
Ambodivoara,Nocturnal,3,3,Allocebus,trichotis,1,NA,NA,NA,NA,4.537856055,20
Ambodivoara,Nocturnal,3,3,Microcebus,mittermeieri,1,NA,NA,NA,NA,0,0
Ambodivoara,Nocturnal,3,3,Lepilemur,seali,1,NA,NA,NA,NA,1.570796327,3
Ambodivoara,Nocturnal,3,3,Lepilemur,seali,1,NA,NA,NA,NA,1.570796327,1
Ambodivoara,Nocturnal,1,5,Microcebus,mittermeieri,1,NA,NA,NA,NA,0,0
Ambodivoara,Nocturnal,1,5,Avahi,laniger,1,NA,NA,NA,NA,1.710422667,20
Ambodivoara,Nocturnal,2,7,Avahi,laniger,2,NA,NA,NA,NA,2.094395102,2
Ambodivoara,Nocturnal,2,7,Microcebus,mittermeieri,1,NA,NA,NA,NA,1.570796327,4
Ambodivoara,Nocturnal,2,7,Lepilemur,seali,1,NA,NA,NA,NA,1.570796327,2
Ambodivoara,Nocturnal,2,7,Lepilemur,seali,1,NA,NA,NA,NA,1.570796327,30
Ambodivoara,Nocturnal,2,7,Allocebus,trichotis,1,NA,NA,NA,NA,1.570796327,15
Ambodivoara,Nocturnal,2,7,Avahi,laniger,NA,NA,NA,NA,NA,NA,NA
Ambodivoara,Nocturnal,4,1,Avahi,laniger,1,NA,NA,NA,NA,0.733038286,13
Ambodivoara,Nocturnal,4,1,Allocebus,trichotis,1,NA,NA,NA,NA,0.663225116,12
Ambodivoara,Nocturnal,4,1,Microcebus,mittermeieri,1,NA,NA,NA,NA,1.047197551,9
Ambodivoara,Nocturnal,4,1,Allocebus,trichotis,1,NA,NA,NA,NA,5.061454831,24
Ambodivoara,Nocturnal,4,1,Microcebus,mittermeieri,1,NA,NA,NA,NA,4.188790205,22
Ambodivoara,Nocturnal,3,4,Eulemur,rubriventer,NA,NA,NA,NA,NA,NA,NA
Ambodivoara,Nocturnal,3,4,Microcebus,mittermeieri,1,NA,NA,NA,NA,1.221730476,12
Ambodivoara,Nocturnal,3,4,Eulemur,albifrons,NA,NA,NA,4,1,NA,NA
Ambodivoara,Nocturnal,3,4,Microcebus,mittermeieri,1,NA,NA,NA,NA,5.550147021,6
Ambodivoara,Nocturnal,2,8,Allocebus,trichotis,1,NA,NA,NA,NA,1.291543646,16
Ambodivoara,Nocturnal,2,8,Avahi,laniger,3,NA,NA,NA,NA,1.570796327,12
Ambodivoara,Nocturnal,2,8,Allocebus,trichotis,1,NA,NA,NA,NA,1.047197551,6
Ambodivoara,Nocturnal,4,2,Avahi,laniger,1,NA,NA,1,1,1.221730476,4
Ambodivoara,Nocturnal,4,2,Lepilemur,seali,1,NA,NA,NA,NA,5.410520681,16
Ambodivoara,Nocturnal,4,2,Allocebus,trichotis,1,NA,NA,NA,NA,4.886921906,10
Ambodivoara,Nocturnal,4,2,Microcebus,mittermeieri,1,NA,NA,NA,NA,1.221730476,13
Ambodivoara,Nocturnal,4,2,Avahi,laniger,1,NA,NA,NA,NA,1.256637061,9
Ambodivoara,Nocturnal,4,2,Lepilemur,seali,1,NA,NA,NA,NA,0.907571211,6
Ambodivoara,Nocturnal,4,2,Allocebus,trichotis,1,NA,NA,NA,NA,NA,10
Ambodivoara,Nocturnal,1,6,Avahi,laniger,1,NA,NA,NA,NA,0.872664626,3
Ambodivoara,Nocturnal,3,5,Lepilemur,seali,1,NA,NA,NA,NA,4.886921906,6
Ambodivoara,Nocturnal,3,5,Lepilemur,seali,1,NA,NA,NA,NA,1.082104136,22
Ambodivoara,Nocturnal,3,5,Microcebus,mittermeieri,1,NA,NA,NA,NA,1.570796327,10
Ambodivoara,Nocturnal,4,3,Propithecus,candidus,3,NA,NA,NA,NA,1.710422667,28
Ambodivoara,Nocturnal,4,3,Avahi,laniger,3,NA,NA,NA,NA,1.570796327,10
Ambodivoara,Nocturnal,4,3,Allocebus,trichotis,1,NA,NA,NA,NA,1.570796327,5
Ambodivoara,Nocturnal,4,3,Microcebus,mittermeieri,1,NA,NA,NA,NA,0,0
Ambodivoara,Nocturnal,4,3,Lepilemur,seali,1,NA,NA,NA,NA,2.460914245,18
Ambodivoara,Nocturnal,4,3,Lepilemur,seali,1,NA,NA,NA,NA,0,0
Ambodivoara,Nocturnal,4,3,Microcebus,mittermeieri,1,NA,NA,NA,NA,1.570796327,5
Ambodivoara,Nocturnal,4,3,Microcebus,mittermeieri,1,NA,NA,NA,NA,2.652900463,3
Ambodivoara,Nocturnal,1,7,Lepilemur,seali,1,NA,NA,NA,NA,1.570796327,10
Ambodivoara,Nocturnal,1,7,Avahi,laniger,1,NA,NA,NA,NA,1.570796327,30
Ambodivoara,Nocturnal,1,7,Lepilemur,seali,1,NA,NA,NA,NA,3.001966313,20
Ambodivoara,Nocturnal,1,7,Lepilemur,seali,1,NA,NA,NA,NA,1.570796327,5
Ambodivoara,Nocturnal,1,7,Allocebus,trichotis,1,NA,NA,NA,NA,1.745329252,7
Ambodivoara,Nocturnal,1,7,Microcebus,mittermeieri,1,NA,NA,NA,NA,3.857177647,4
Ambodivoara,Nocturnal,1,7,Avahi,laniger,2,NA,NA,NA,NA,6.108652382,20
Ambodivoara,Nocturnal,1,7,Microcebus,mittermeieri,1,NA,NA,NA,NA,0,0
Ambodivoara,Nocturnal,1,7,Microcebus,mittermeieri,1,NA,NA,NA,NA,1.675516082,1
Ambodivoara,Nocturnal,1,7,Microcebus,mittermeieri,1,NA,NA,NA,NA,4.398229715,2
Ambodivoara,Nocturnal,1,7,Avahi,laniger,1,NA,NA,NA,NA,0,0
Ambodivoara,Nocturnal,2,9,Avahi,laniger,1,NA,NA,NA,NA,1.570796327,25
Ambodivoara,Nocturnal,2,9,Allocebus,trichotis,1,NA,NA,NA,NA,1.570796327,8
Ambodivoara,Nocturnal,4,4,Microcebus,mittermeieri,2,NA,NA,NA,NA,0.785398163,10
Ambodivoara,Nocturnal,3,6,Lepilemur,seali,1,NA,NA,NA,NA,1.570796327,8
Ambodivoara,Nocturnal,3,6,Allocebus,trichotis,1,NA,NA,NA,NA,0,0
Ambodivoara,Nocturnal,3,6,Microcebus,mittermeieri,1,NA,NA,NA,NA,0,0
Ambodivoara,Nocturnal,3,6,Cheirogaleus,crossleyi,1,NA,NA,NA,NA,4.71238898,9
Ambodivoara,Nocturnal,3,6,Lepilemur,seali,2,NA,NA,NA,NA,5.061454831,25
Ambodivoara,Nocturnal,3,6,Lepilemur,seali,2,NA,NA,NA,NA,1.570796327,18
Ambodivoara,Nocturnal,1,8,Lepilemur,seali,1,NA,NA,NA,NA,1.221730476,5
Ambodivoara,Nocturnal,1,8,Avahi,laniger,3,NA,NA,NA,NA,5.585053606,25
Ambodivoara,Nocturnal,2,10,Microcebus,mittermeieri,1,NA,NA,NA,NA,0.872664626,15
Ambodivoara,Nocturnal,3,7,Allocebus,trichotis,1,NA,NA,NA,NA,1.221730476,10
Ambodivoara,Nocturnal,3,7,Microcebus,mittermeieri,1,NA,NA,NA,NA,5.410520681,8
Ambodivoara,Nocturnal,4,5,Avahi,laniger,2,NA,NA,NA,NA,0,0
Ambodivoara,Nocturnal,4,5,Microcebus,mittermeieri,1,NA,NA,NA,NA,5.759586532,4
Ambodivoara,Nocturnal,1,9,Microcebus,mittermeieri,1,NA,NA,NA,NA,1.570796327,15
Ambodivoara,Nocturnal,2,11,Microcebus,mittermeieri,1,NA,NA,NA,NA,1.570796327,4
Ambodivoara,Nocturnal,2,11,Microcebus,mittermeieri,1,NA,NA,NA,NA,0,0
Ambodivoara,Nocturnal,3,8,Allocebus,trichotis,1,NA,NA,NA,NA,0.06981317,5
Ambodivoara,Nocturnal,3,8,Microcebus,mittermeieri,1,NA,NA,NA,NA,1.221730476,16
Ambodivoara,Nocturnal,2,12,Allocebus,trichotis,1,NA,NA,NA,NA,0.174532925,4
Ambodivoara,Nocturnal,2,12,Avahi,laniger,2,NA,NA,NA,NA,1.570796327,5
Ambodivoara,Nocturnal,2,12,Lepilemur,seali,1,NA,NA,NA,NA,1.570796327,2
Ambodivoara,Nocturnal,4,7,Lepilemur,seali,1,NA,NA,NA,NA,0,0
Ambodivoara,Nocturnal,4,7,Microcebus,mittermeieri,1,NA,NA,NA,NA,0,0
Ambodivoara,Nocturnal,4,7,Allocebus,trichotis,1,NA,NA,NA,NA,1.221730476,10
Ambodivoara,Nocturnal,4,7,Avahi,laniger,1,NA,NA,NA,NA,1.326450232,10
Ambodivoara,Nocturnal,1,11,Allocebus,trichotis,1,NA,NA,NA,NA,1.431169987,3
Ambodivoara,Nocturnal,1,11,Lepilemur,seali,2,NA,NA,NA,NA,1.570796327,15
Ambodivoara,Nocturnal,1,11,Avahi,laniger,1,NA,NA,NA,NA,3.839724354,4
Ambodivoara,Nocturnal,1,11,Lepilemur,seali,1,NA,NA,NA,NA,0.698131701,8
Ambodivoara,Nocturnal,1,11,Lepilemur,seali,1,NA,NA,NA,NA,1.570796327,10
Ambodivoara,Nocturnal,1,11,Lepilemur,seali,1,NA,NA,NA,NA,0,0
Ambodivoara,Nocturnal,1,11,Allocebus,trichotis,1,NA,NA,NA,NA,NA,NA
Ambodivoara,Nocturnal,2,13,Microcebus,mittermeieri,1,NA,NA,NA,NA,1.780235837,5
Ambodivoara,Nocturnal,2,13,Allocebus,trichotis,1,NA,NA,NA,NA,2.443460953,5
Ambodivoara,Nocturnal,2,13,Avahi,laniger,1,NA,NA,NA,NA,5.759586532,3
Ambodivoara,Nocturnal,2,13,Avahi,laniger,2,NA,NA,NA,NA,1.570796327,10
Ambodivoara,Nocturnal,2,13,Lepilemur,seali,1,NA,NA,NA,NA,1.570796327,10
Ambodivoara,Nocturnal,2,13,Lepilemur,seali,1,NA,NA,NA,NA,4.886921906,15
Ambodivoara,Nocturnal,2,13,Lepilemur,seali,1,NA,NA,NA,NA,0,0
Ambodivoara,Nocturnal,4,8,Avahi,laniger,2,NA,NA,NA,NA,0,0
Ambodivoara,Nocturnal,4,8,Lepilemur,seali,1,NA,NA,NA,NA,1.570796327,0
Ambodivoara,Nocturnal,4,8,Propithecus,candidus,2,NA,NA,NA,NA,1.570796327,10
Ambodivoara,Nocturnal,4,8,Avahi,laniger,1,NA,NA,NA,NA,4.188790205,5
Ambodivoara,Nocturnal,4,9,Lepilemur,seali,1,NA,NA,NA,NA,1.570796327,10
Ambodivoara,Nocturnal,1,12,Avahi,laniger,1,NA,NA,NA,NA,0,0
Ambodivoara,Nocturnal,1,12,Microcebus,mittermeieri,1,NA,NA,NA,NA,0,0
Ambodivoara,Nocturnal,1,12,Propithecus,candidus,NA,NA,NA,NA,1,4.886921906,8
Ambodivoara,Nocturnal,1,12,Avahi,laniger,1,NA,NA,NA,NA,5.585053606,4
Ambodivoara,Nocturnal,1,12,Avahi,laniger,1,NA,NA,NA,NA,4.71238898,7
Ambodivoara,Nocturnal,3,9,Lepilemur,seali,NA,NA,NA,NA,1,5.410520681,3
Ambodivoara,Nocturnal,3,9,Lepilemur,seali,1,NA,NA,NA,NA,0,0
Ambodivoara,Nocturnal,3,9,Lepilemur,seali,NA,NA,NA,NA,1,0,0
Ambodivoara,Nocturnal,4,11,Eulemur,rubriventer,NA,NA,NA,1,1,0,0
Ambodivoara,Nocturnal,4,11,Propithecus,candidus,1,NA,NA,NA,NA,1.570796327,20
Ambodivoara,Nocturnal,4,11,Lepilemur,seali,1,NA,NA,NA,NA,0.523598776,4
Ambodivoara,Nocturnal,2,15,Allocebus,trichotis,1,NA,NA,NA,NA,1.204277184,14
Ambodivoara,Nocturnal,2,15,Allocebus,trichotis,1,NA,NA,NA,NA,0.698131701,10
Ambodivoara,Nocturnal,2,15,Allocebus,trichotis,1,NA,NA,NA,NA,0,0
Ambodivoara,Nocturnal,2,15,Allocebus,trichotis,1,NA,NA,NA,NA,0,0
Ambodivoara,Nocturnal,4,12,Avahi,laniger,1,NA,NA,NA,NA,1.570796327,1
Ambodivoara,Nocturnal,4,12,Allocebus,trichotis,1,NA,NA,NA,NA,0.698131701,8
Ambodivoara,Nocturnal,4,12,Lepilemur,seali,1,NA,NA,NA,NA,1.570796327,16
Ambodivoara,Nocturnal,4,12,Avahi,laniger,NA,NA,NA,NA,1,1.570796327,12
Ambodivoara,Nocturnal,4,12,Allocebus,trichotis,1,NA,NA,NA,NA,1.570796327,14
Ambodivoara,Nocturnal,4,12,Lepilemur,seali,1,NA,NA,NA,NA,0,0
Ambodivoara,Nocturnal,4,12,Eulemur,albifrons,4,NA,NA,NA,NA,NA,NA
Antanambe,Diurnal,2,2,Eulemur,albifrons,NA,NA,NA,NA,NA,NA,NA
Antanambe,Diurnal,3,2,Eulemur,albifrons,NA,NA,NA,NA,NA,NA,NA
Ambavala,Diurnal,1,2,Eulemur,albifrons,3,0,3,2,1,0.785398163,10
Ambavala,Nocturnal,2,2,Cheirogaleus,crossleyi,1,0,1,NA,NA,1.570796327,5
Ambavala,Nocturnal,2,2,Microcebus,lehilahytsara,1,0,1,NA,NA,0.523598776,5
Ambavala,Nocturnal,1,2,Cheirogaleus,crossleyi,1,0,1,NA,NA,1.570796327,3
Ambavala,Nocturnal,3,1,Microcebus,lehilahytsara,1,0,1,NA,NA,1.570796327,8
Antanambe,Nocturnal,1,3,Cheirogaleus,crossleyi,4,NA,NA,NA,NA,0,0
Ambavala,Nocturnal,3,2,Cheirogaleus,crossleyi,1,0,1,NA,NA,1.570796327,7
Ambavala,Nocturnal,3,2,Cheirogaleus,crossleyi,1,0,1,NA,NA,0.785398163,7
Ambavala,Nocturnal,3,2,Cheirogaleus,crossleyi,1,0,1,NA,NA,0.471238898,7
Ambavala,Nocturnal,2,3,Allocebus,trichotis,1,0,1,NA,NA,1.570796327,5
Ambavala,Nocturnal,2,3,Microcebus,lehilahytsara,1,0,1,NA,NA,1.658062789,10
Ambavala,Nocturnal,1,2,Cheirogaleus,crossleyi,1,0,1,NA,NA,0.523598776,5
Ambavala,Nocturnal,2,2,Microcebus,lehilahytsara,1,0,1,NA,NA,0.785398163,4
Ambavala,Nocturnal,3,2,Allocebus,trichotis,1,0,1,NA,NA,0.785398163,5
Antanambe,Nocturnal,3,3,Cheirogaleus,crossleyi,1,NA,NA,NA,NA,1.570796327,12
Antanambe,Nocturnal,2,2,Cheirogaleus,crossleyi,1,NA,NA,NA,NA,0,0
Ambavala,Nocturnal,1,2,Cheirogaleus,crossleyi,1,0,1,NA,NA,0.785398163,7
Antanambe,Nocturnal,3,1,Cheirogaleus,crossleyi,1,NA,NA,NA,NA,1.570796327,4
Antanambe,Nocturnal,1,2,Microcebus,mittermeieri,1,NA,NA,NA,NA,1.570796327,3
Ambavala,Nocturnal,2,2,Microcebus,lehilahytsara,1,0,1,NA,NA,0.785398163,5
Ambavala,Nocturnal,1,2,Cheirogaleus,crossleyi,1,0,1,NA,NA,1.570796327,2
Ambavala,Nocturnal,1,4,Cheirogaleus,crossleyi,1,0,1,NA,NA,1.570796327,2
Ambavala,Nocturnal,3,2,Allocebus,trichotis,1,0,1,NA,NA,0.523598776,7
Antanambe,Nocturnal,3,1,Allocebus,trichotis,1,NA,NA,NA,NA,1.570796327,15
Antanambe,Nocturnal,3,3,Avahi,laniger,1,NA,NA,NA,NA,1.570796327,10
Ambavala,Nocturnal,2,2,Microcebus,lehilahytsara,1,0,1,NA,NA,0.698131701,3
Ambavala,Nocturnal,3,1,Cheirogaleus,crossleyi,2,0,2,NA,NA,0,0
Antanambe,Nocturnal,1,1,Cheirogaleus,crossleyi,2,NA,NA,NA,NA,0,0
Ambavala,Nocturnal,3,2,Lepilemur,seali,3,1,2,NA,NA,0.261799388,12
Ambavala,Nocturnal,3,2,Microcebus,lehilahytsara,1,0,1,NA,NA,0.785398163,10
Ambavala,Nocturnal,1,3,Microcebus,lehilahytsara,1,0,1,NA,NA,0,0
Ambavala,Nocturnal,1,4,Cheirogaleus,crossleyi,1,0,1,NA,NA,1.570796327,0
Ambavala,Nocturnal,1,1,Cheirogaleus,crossleyi,2,0,2,NA,NA,0.785398163,5
Antanambe,Nocturnal,1,3,Cheirogaleus,crossleyi,1,NA,NA,NA,NA,1.570796327,15
Ambavala,Nocturnal,2,2,Cheirogaleus,crossleyi,1,0,1,NA,NA,1.570796327,3
Antanambe,Nocturnal,2,3,Cheirogaleus,crossleyi,1,NA,NA,NA,NA,1.570796327,3
Antanambe,Nocturnal,3,1,Cheirogaleus,crossleyi,1,NA,NA,NA,NA,1.570796327,8
Antanambe,Nocturnal,3,3,Cheirogaleus,crossleyi,1,NA,NA,NA,NA,1.570796327,3
Ambavala,Nocturnal,1,3,Cheirogaleus,crossleyi,1,0,1,NA,NA,1.570796327,25
Ambavala,Nocturnal,3,3,Cheirogaleus,crossleyi,1,0,1,NA,NA,1.570796327,3
Antanambe,Nocturnal,1,1,Avahi,laniger,3,NA,NA,NA,NA,1.570796327,10
Antanambe,Nocturnal,1,2,Avahi,laniger,1,NA,NA,NA,NA,1.570796327,10
Ambavala,Nocturnal,1,2,Cheirogaleus,crossleyi,1,0,1,NA,NA,0.785398163,5
Ambavala,Nocturnal,2,3,Lepilemur,seali,2,1,1,NA,1,1.570796327,15
Ambavala,Nocturnal,1,4,Allocebus,trichotis,1,0,1,NA,NA,0.523598776,2
Ambavala,Nocturnal,1,4,Lepilemur,seali,2,0,2,NA,NA,0.523598776,10
Antanambe,Nocturnal,2,1,Allocebus,trichotis,1,NA,NA,NA,NA,0,0
Ambavala,Nocturnal,2,4,Cheirogaleus,crossleyi,1,0,1,NA,NA,0.785398163,8
Antanambe,Nocturnal,1,2,Avahi,laniger,2,NA,NA,NA,NA,1.570796327,12
Antanambe,Nocturnal,3,3,Microcebus,mittermeieri,1,NA,NA,NA,NA,1.570796327,5
Ambavala,Nocturnal,2,2,Cheirogaleus,crossleyi,1,0,1,NA,NA,1.570796327,3
Ambavala,Nocturnal,3,2,Cheirogaleus,crossleyi,1,0,1,NA,NA,0.698131701,15
Antanambe,Nocturnal,1,3,Microcebus,mittermeieri,1,NA,NA,NA,NA,1.570796327,3
Ambavala,Nocturnal,3,1,Allocebus,trichotis,1,0,1,NA,NA,0,0
Antanambe,Nocturnal,2,3,Lepilemur,seali,2,NA,NA,NA,NA,1.570796327,5
Ambavala,Nocturnal,2,2,NA,NA,1,0,1,NA,NA,0.785398163,1
Antanambe,Nocturnal,1,2,Microcebus,mittermeieri,2,NA,NA,NA,NA,0,0
Antanambe,Nocturnal,2,3,Avahi,laniger,2,NA,NA,NA,NA,0,0
Antanambe,Nocturnal,2,1,Cheirogaleus,crossleyi,1,NA,NA,NA,NA,1.570796327,4
Antanambe,Nocturnal,1,3,Cheirogaleus,crossleyi,1,NA,NA,NA,NA,1.570796327,5
Antanambe,Nocturnal,1,1,Cheirogaleus,crossleyi,1,NA,NA,NA,NA,1.570796327,20
Ambavala,Nocturnal,2,2,Allocebus,trichotis,1,0,1,NA,NA,0.785398163,3
Ambavala,Nocturnal,3,2,Cheirogaleus,crossleyi,1,0,1,NA,NA,1.570796327,3
Ambavala,Nocturnal,1,2,Microcebus,lehilahytsara,1,0,1,NA,NA,1.396263402,7
Ambavala,Nocturnal,1,3,Cheirogaleus,crossleyi,1,0,1,NA,NA,1.570796327,10
Ambavala,Nocturnal,2,3,Microcebus,lehilahytsara,1,0,1,NA,NA,0.785398163,2
Antanambe,Nocturnal,1,2,Lepilemur,seali,1,NA,NA,NA,NA,1.570796327,15
Ambavala,Nocturnal,1,1,Cheirogaleus,crossleyi,1,0,1,NA,NA,1.570796327,3
Ambavala,Nocturnal,3,1,Cheirogaleus,crossleyi,1,0,1,NA,NA,0,0
Antanambe,Nocturnal,1,2,Cheirogaleus,crossleyi,1,NA,NA,NA,NA,1.570796327,10
Ambavala,Nocturnal,1,2,Avahi,laniger,2,1,1,NA,1,1.570796327,0
Ambavala,Nocturnal,2,3,Cheirogaleus,crossleyi,1,0,1,NA,NA,1.570796327,15
Ambavala,Nocturnal,1,4,Cheirogaleus,crossleyi,1,0,1,NA,NA,0.785398163,3
Antanambe,Nocturnal,1,3,Microcebus,mittermeieri,1,NA,NA,NA,NA,1.570796327,6
Antanambe,Nocturnal,1,3,Avahi,laniger,1,NA,NA,NA,NA,1.570796327,6
Antanambe,Nocturnal,3,1,Lepilemur,seali,1,NA,NA,NA,NA,1.570796327,25
Antanambe,Nocturnal,1,3,Microcebus,mittermeieri,2,NA,NA,NA,NA,1.570796327,7
Antanambe,Nocturnal,2,1,Cheirogaleus,crossleyi,2,NA,NA,NA,NA,0,0
Antanambe,Nocturnal,1,2,Avahi,laniger,1,NA,NA,NA,NA,1.570796327,6
Ambavala,Nocturnal,1,1,Cheirogaleus,crossleyi,1,0,1,NA,NA,0.785398163,3
Ambavala,Nocturnal,3,1,Cheirogaleus,crossleyi,1,0,1,NA,NA,1.570796327,10
Ambavala,Nocturnal,2,3,Lepilemur,seali,1,0,1,NA,NA,0,0
Antanambe,Nocturnal,3,2,Cheirogaleus,crossleyi,2,NA,NA,NA,NA,1.570796327,12
Antanambe,Nocturnal,2,3,Cheirogaleus,crossleyi,1,NA,NA,NA,NA,0,0
Antanambe,Nocturnal,1,2,Cheirogaleus,crossleyi,2,NA,NA,NA,NA,1.570796327,12
Ambavala,Nocturnal,1,4,Avahi,laniger,2,1,1,0,1,1.570796327,3
Antanambe,Nocturnal,1,3,Microcebus,mittermeieri,1,NA,NA,NA,NA,1.570796327,2
Ambavala,Nocturnal,3,1,Cheirogaleus,crossleyi,1,0,1,NA,NA,0,0
Ambavala,Nocturnal,2,4,Cheirogaleus,crossleyi,1,0,1,NA,NA,0,0
Antanambe,Nocturnal,2,1,Cheirogaleus,crossleyi,1,NA,NA,NA,NA,1.570796327,2
Antanambe,Nocturnal,2,3,Lepilemur,seali,1,NA,NA,NA,NA,1.570796327,10
Antanambe,Nocturnal,3,1,Avahi,laniger,1,NA,NA,NA,NA,1.396263402,2
Ambavala,Nocturnal,1,1,Microcebus,lehilahytsara,1,0,1,NA,NA,0.523598776,2
Ambavala,Nocturnal,2,4,Lepilemur,seali,1,0,1,NA,1,0,0
Antanambe,Nocturnal,1,1,Cheirogaleus,crossleyi,2,NA,NA,NA,NA,1.570796327,6
Ambavala,Nocturnal,3,1,Cheirogaleus,crossleyi,1,0,1,NA,NA,0,0
Antanambe,Nocturnal,2,2,Cheirogaleus,crossleyi,1,NA,NA,NA,NA,1.570796327,15
Antanambe,Nocturnal,1,2,Cheirogaleus,crossleyi,1,NA,NA,NA,NA,1.570796327,15
Ambavala,Nocturnal,2,3,Cheirogaleus,crossleyi,1,0,1,NA,NA,0.523598776,9
Ambavala,Nocturnal,1,3,Cheirogaleus,crossleyi,2,0,2,NA,NA,1.570796327,25
Antanambe,Nocturnal,2,3,Cheirogaleus,crossleyi,1,NA,NA,NA,NA,1.570796327,5
Ambavala,Nocturnal,3,2,Cheirogaleus,crossleyi,1,0,1,NA,NA,0.785398163,5
Ambavala,Nocturnal,3,2,Cheirogaleus,crossleyi,1,0,1,NA,NA,1.570796327,5
Antanambe,Nocturnal,1,1,avahi,laniger,1,NA,NA,NA,NA,1.570796327,2
Antanambe,Nocturnal,2,3,Allocebus,trichotis,1,NA,NA,NA,NA,0,0
Ambavala,Nocturnal,3,1,Cheirogaleus,crossleyi,1,0,1,NA,NA,1.570796327,25
Antanambe,Nocturnal,2,3,Lepilemur,seali,1,NA,NA,NA,NA,1.570796327,4
Antanambe,Nocturnal,3,2,Allocebus,trichotis,1,NA,NA,NA,NA,1.570796327,25
Antanambe,Nocturnal,2,2,Cheirogaleus,crossleyi,1,NA,NA,NA,NA,0,0
Ambavala,Nocturnal,3,1,Cheirogaleus,crossleyi,1,0,1,NA,NA,1.570796327,20
Ambavala,Nocturnal,2,4,Cheirogaleus,crossleyi,1,0,1,NA,NA,1.570796327,10
Ambavala,Nocturnal,1,1,Avahi,laniger,2,1,1,NA,1,0.471238898,7
Ambavala,Nocturnal,3,1,Cheirogaleus,crossleyi,2,0,2,NA,NA,0,0
Ambavala,Nocturnal,1,3,Cheirogaleus,crossleyi,1,0,1,NA,NA,0,0
Ambavala,Nocturnal,3,2,Cheirogaleus,crossleyi,1,0,1,NA,NA,0.523598776,2
Antanambe,Nocturnal,3,2,Cheirogaleus,crossleyi,1,NA,NA,NA,NA,0,0
Ambavala,Nocturnal,2,4,Cheirogaleus,crossleyi,1,0,1,NA,NA,1.570796327,15
Ambavala,Nocturnal,2,4,Avahi,laniger,2,0,2,0,NA,0,0
Antanambe,Nocturnal,2,3,Avahi,laniger,1,NA,NA,NA,NA,1.570796327,10
Ambavala,Nocturnal,1,3,Cheirogaleus,crossleyi,1,0,1,NA,NA,1.570796327,8
Ambavala,Nocturnal,3,1,Cheirogaleus,crossleyi,1,0,1,NA,NA,1.570796327,6
Antanambe,Nocturnal,2,3,Microcebus,mittermeieri,1,NA,NA,NA,NA,1.570796327,3
Ambavala,Nocturnal,2,4,Cheirogaleus,crossleyi,1,0,1,NA,NA,0.523598776,10
Ambavala,Nocturnal,3,1,Lepilemur,seali,1,0,1,NA,NA,1.570796327,20
Ambavala,Nocturnal,3,1,Cheirogaleus,crossleyi,1,0,1,NA,NA,1.570796327,20
Ambavala,Nocturnal,1,1,Microcebus,lehilahytsara,1,0,1,NA,NA,1.570796327,2
Ambodihasina,Diurnal,1,2,Eulemur, albifrons,7,1,6,2,4,0.610865238,15
Ambodihasina,Diurnal,1,3,NA,NA,0,0,0,0,0,NA,NA
Ambodivoara,Diurnal,3,39,Propithecus,candidus,3,1,3,1,1,1.570796327,22
Ambodivoara,Diurnal,4,25,Propithecus,candidus,3,1,2,1,1,1.570796327,9
Ambodivoara,Diurnal,2,29,Eulemur,albifrons,3,0,3,1,2,1.570796327,7
Ambodivoara,Diurnal,2,45,Hapalemur,occidentalis,1,0,1,NA,NA,1.570796327,5
Ambodivoara,Diurnal,4,36,Hapalemur,occidentalis,2,0,2,0,0,1.396263402,7
Ambodivoara,Diurnal,1,40,Propithecus,candidus,2,0,2,1,1,0,0
Ambodivoara,Diurnal,2,32,Eulemur,albifrons,7,0,7,3,4,1.570796327,3
Ambodivoara,Diurnal,2,37,Eulemur,rubriventer,2,0,2,1,1,5.235987756,15
Ambodivoara,Diurnal,1,41,Propithecus,candidus,2,0,2,1,1,1.570796327,30
Ambodivoara,Diurnal,4,29,Eulemur,rubriventer,3,1,2,1,1,1.570796327,25
Ambodivoara,Diurnal,3,31,Eulemur,rubriventer,1,0,1,1,0,0,0
Ambodivoara,diurnal,2,39,Eulemur,rubriventer,2,0,2,1,1,1.570796327,15
Ambodivoara,Diurnal,4,32,Hapalemur,occidentalis,3,0,3,0,0,0.698131701,8
Ambodivoara,Diurnal,3,39,Eulemur,albifrons,2,0,2,1,1,1.396263402,15
Ambodivoara,Diurnal,4,32,Eulemur,rubriventer,3,0,3,2,1,5.235987756,7
Ambodivoara,Diurnal,1,34,Eulemur,rubriventer,3,1,2,1,2,0,0
Ambodivoara,Diurnal,3,30,Eulemur,rubriventer,3,0,3,1,2,NA,NA
Ambodivoara,Diurnal,2,45,Eulemur,rubriventer,2,0,2,1,1,0,0
Ambodivoara,Diurnal,4,36,Eulemur,rubriventer,2,0,2,1,1,1.047197551,5
Ambodivoara,Diurnal,4,33,Eulemur,rubriventer,2,0,2,1,1,0,0
Ambodivoara,Diurnal,3,39,Hapalemur,occidentalis,2,0,2,NA,NA,4.886921906,12
Ambodivoara,Diurnal,2,32,Eulemur,rubriventer,2,0,2,1,1,1.745329252,15
Ambodivoara,Diurnal,3,24,Eulemur,rubriventer,4,0,4,1,3,0,0
Ambodivoara,Diurnal,1,40,Eulemur,rubriventer,2,0,2,2,0,3.490658504,12
Ambodivoara,Diurnal,3,40,Propithecus,candidus,6,1,5,2,3,1.047197551,2
Ambodivoara,Diurnal,2,45,Eulemur,rubriventer,3,0,3,1,2,1.570796327,10
Ambodivoara,Diurnal,4,29,Eulemur,rubriventer,3,1,2,1,1,1.570796327,30
Ambodivoara,Diurnal,3,30,Eulemur,rubriventer,4,0,4,2,2,NA,NA
Ambodivoara,Diurnal,3,40,Propithecus,candidus,1,0,1,1,0,0.872664626,5
Ambodivoara,Diurnal,3,31,Eulemur,rubriventer,1,0,1,1,0,NA,NA
Ambodivoara,Diurnal,3,40,Eulemur,rubriventer,2,0,2,1,1,0,0
Ambodivoara,Diurnal,3,26,Propithecus,candidus,1,0,1,0,0,1.047197551,7
Ambodivoara,Diurnal,3,26,Eulemur,rubriventer,1,0,1,0,1,1.570796327,8
Ambodivoara,Diurnal,3,26,Eulemur,rubriventer,3,1,2,1,1,1.919862177,25
Ambodivoara,Diurnal,3,26,Eulemur,albifrons,5,0,5,2,3,0,0
Ambodivoara,Diurnal,3,23,Propithecus,candidus,2,0,2,0,0,1.570796327,30
Ambodimandresy,Diurnal,3,1,Eulemur,rubriventer,3,NA,2,1,2,0.785398163,12
Ambodivoara,Diurnal,1,36,Hapalemur,occidentalis,1,0,1,NA,NA,1.570796327,8
Ambodivoara,Diurnal,3,28,Propithecus,candidus,3,0,3,1,2,1.047197551,15
Ambodivoara,Diurnal,1,42,Eulemur,rubriventer,2,0,2,1,1,0,0
Ambodivoara,Diurnal,2,36,NA,NA,0,0,0,0,0,NA,NA
Ambodivoara,Diurnal,1,48,Propithecus,candidus,2,0,2,1,1,0,0
Ambodivoara,Diurnal,2,1,Eulemur,rubriventer,2,0,2,1,1,0.523598776,20
Ambodivoara,Diurnal,3,36,Eulemur,rubriventer,2,0,2,1,1,3.159045946,21
Ambodivoara,Diurnal,1,1,Propithecus,candidus,3,1,2,1,1,1.047197551,8
Betaolana,Diurnal,1,4,Eulemur,albifrons,4,NA,4,NA,NA,0.523598776,20
Ambodivoara,Diurnal,4,26,Propithecus,candidus,3,1,2,1,1,0.34906585,15
Ambodivoara,Diurnal,3,35,Hapalemur,occidentalis,2,NA,2,NA,NA,1.745329252,8
Ambodivoara,Diurnal,3,27,Eulemur,albifrons,3,0,3,1,2,1.221730476,5
Ambodivoara,Diurnal,3,27,Eulemur,albifrons,3,0,3,1,2,1.221730476,5
Ambodivoara,Diurnal,4,23,Eulemur,albifrons,11,0,11,5,6,0,0
Ambodivoara,Diurnal,3,36,Hapalemur,occidentalis,2,0,2,NA,NA,0.698131701,25
Ambodivoara,Diurnal,3,36,Eulemur,albifrons,3,1,2,1,2,0,0
Ambodihasina,Diurnal,3,2,Propithecus,candidus,5,1,4,2,2,0.296705973,25
Ambodivoara,Diurnal,3,27,Hapalemur,occidentalis,3,0,3,0,0,1.780235837,15
Ambodivoara,Diurnal,3,27,Hapalemur,occidentalis,4,0,4,0,0,1.780235837,15
Ambodivoara,Diurnal,3,34,Hapalemur,occidentalis,2,NA,2,NA,NA,4.71238898,15
Ambodivoara,Diurnal,3,28,Propithecus,candidus,5,0,5,2,3,5.585053606,8
Ambodivoara,Diurnal,3,29,Eulemur,rubriventer,3,0,3,1,2,0,0
Ambodivoara,Diurnal,1,47,Eulemur,albifrons,2,0,2,1,1,1.221730476,18
Ambodivoara,Diurnal,2,35,Eulemur,albifrons,6,0,6,1,5,4.71238898,23
Ambodimandresy,Diurnal,3,4,Eulemur,rubriventer,3,1,2,2,1,1.047197551,10
Ambodivoara,Diurnal,4,23,Eulemur,rubriventer,2,0,2,1,1,4.71238898,15
Ambodivoara,Diurnal,1,33,Eulemur,rubriventer,3,1,2,1,2,1.396263402,9
Betaolana,Diurnal,3,2,Eulemur,albifrons,10,NA,10,NA,NA,1.221730476,30
Ambodivoara,Diurnal,4,26,Eulemur,rubriventer,2,0,2,1,1,1.745329252,25
Androfiabe,Diurnal,2,2,Eulemur,rubriventer,8,1,7,4,3,0.34906585,10
Befamatra,Diurnal,1,2,Eulemur,rubriventer,5,1,4,2,2,1.047197551,12
Betaolana,Diurnal,1,3,Eulemur,albifrons,2,0,2,1,1,1.204277184,10
Ambodivoara,Diurnal,5,1,Eulemur,albifrons,2,0,2,1,1,1.047197551,15
Ambodivoara,Diurnal,5,1,Propithecus,candidus,2,0,2,1,1,1.396263402,8
Ambodivoara,Nocturnal,2,16,Lepilemur,seali,1,0,0,0,0,1.570796327,7
Ambodivoara,Nocturnal,1,14,Avahi,laniger,1,0,0,0,0,1.570796327,4
Ambodivoara,Nocturnal,3,10,Microcebus,lehilahytsara,1,0,1,0,0,6.108652382,5
Befamatra,Nocturnal,1,3,Cheirogaleus,crossleyi,2,NA,NA,NA,NA,1.221730476,12
Ambodivoara,Nocturnal,1,19,Avahi,laniger,1,0,1,NA,NA,1.570796327,8
Androfiabe,Nocturnal,1,1,Avahi,laniger,2,0,2,1,1,1.396263402,15
Androfiabe,Nocturnal,2,1,Lepilemur,seali,1,0,1,NA,NA,0.523598776,5
Ambodivoara,Nocturnal,1,14,Avahi,laniger,1,0,0,0,0,0,0
Ambodivoara,Nocturnal,1,16,Allocebus,trichotis,1,0,0,0,0,5.235987756,20
Ambodivoara,Nocturnal,4,15,Microcebus,lehilahytsara,1,0,0,0,0,0.174532925,30
Ambodivoara,Nocturnal,1,18,Avahi,laniger,1,0,1,0,0,1.570796327,12
Betaolana,Nocturnal,3,1,Microcebus,mittermeieri,1,0,1,NA,NA,1.047197551,25
Ambodivoara,Nocturnal,3,10,Microcebus,lehilahytsara,1,0,1,0,0,5.410520681,3
Ambodivoara,Nocturnal,1,15,Microcebus,lehilahytsara,1,0,0,0,0,5.410520681,3
Ambodivoara,Nocturnal,1,20,Microcebus,lehilahytsara,1,0,1,NA,NA,4.36332313,15
Ambodivoara,Nocturnal,1,14,Microcebus,lehilahytsara,1,0,0,0,0,0,0
AmbodivohitraKobahina,Nocturnal,1,1,Cheirogaleus,crossleyi,1,0,NA,NA,NA,5.410520681,5
Ambodivoara,Nocturnal,3,12,Microcebus,lehilahytsara,1,0,1,0,0,4.886921906,20
Ambodivoara,Nocturnal,3,14,Lepilemur,seali,1,0,1,0,0,5.585053606,10
Ambodivoara,Nocturnal,2,16,Avahi,laniger,1,0,0,0,0,1.518436449,10
AmbodivohitraKobahina,Nocturnal,1,3,Cheirogaleus,crossleyi,3,0,NA,NA,NA,0,0
Ambodivoara,Nocturnal,4,14,Avahi,laniger,2,0,2,1,1,0,0
Ambodivoara,Nocturnal,4,20,Lepilemur,seali,1,0,1,NA,NA,NA,NA
Ambodivoara,Nocturnal,2,17,Lepilemur,seali,1,0,0,0,0,1.047197551,20
Ambodivoara,Nocturnal,2,20,Lepilemur,seali,1,0,1,NA,NA,5.672320069,10
Ambodivoara,Nocturnal,3,12,Allocebus,trichotis,1,0,1,0,0,5.061454831,5
Ambodivoara,Nocturnal,3,11,Allocebus,trichotis,1,1,0,0,0,6.108652382,13
Ambodivoara,Nocturnal,2,22,Microcebus,lehilahytsara,1,0,1,NA,NA,4.71238898,22
AmbodivohitraKobahina,Nocturnal,2,2,Microcebus,mittermieiri,1,0,NA,NA,NA,1.745329252,5
AmbodivohitraKobahina,Nocturnal,3,2,Cheirogaleus,crossleyi,1,0,NA,NA,NA,1.570796327,2
Ambodivoara,Nocturnal,1,18,Allocebus,trichotis,1,0,1,0,0,0.34906585,4
Ambodivoara,Nocturnal,1,16,Allocebus,trichotis,1,0,0,0,0,4.625122518,8
Befamatra,Nocturnal,1,1,Microcebus,mittermeieri,1,NA,1,NA,NA,0.523598776,30
Ambodivoara,Nocturnal,1,19,Allocebus,trichotis,1,0,1,NA,NA,0,0
Androfiabe,Nocturnal,1,1,Microcebus,mittermeieri,1,0,1,NA,NA,0.523598776,50
Androfiabe,Nocturnal,2,1,Lepilemur,seali,1,0,1,NA,NA,0.872664626,3
Ambodivoara,Nocturnal,1,20,Allocebus,trichotis,1,0,1,NA,NA,3.141592654,6
Ambodivoara,Nocturnal,4,17,Allocebus,trichotis,1,0,2,0,0,1.919862177,11
AmbodivohitraKobahina,Nocturnal,1,3,Cheirogaleus,crossleyi,1,0,NA,NA,NA,0,1
Ambodivoara,Nocturnal,2,16,Allocebus,trichotis,1,0,0,0,0,1.570796327,5
Ambodivoara,Nocturnal,1,21,Avahi,laniger,1,0,1,NA,NA,0,0
Ambodivoara,Nocturnal,2,19,Lepilemur,seali,1,0,1,0,0,0.785398163,1
Betaolana,Nocturnal,1,2,Microcebus,mittermeieri,1,0,1,NA,NA,0.523598776,4
Androfiabe,Nocturnal,2,1,Lepilemur,seali,1,0,1,NA,NA,0.698131701,8
Ambodivoara,Nocturnal,3,16,Lepilemur,seali,1,0,1,NA,NA,1.570796327,8
AmbodivohitraKobahina,Nocturnal,3,3,Cheirogaleus,crossleyi,1,0,NA,NA,NA,0,0
Betaolana,Nocturnal,3,1,Allocebus,trichotis,1,0,1,NA,NA,1.396263402,20
Ambodivoara,Nocturnal,1,14,Microcebus,lehilahytsara,1,0,0,0,0,1.570796327,1
AmbodivohitraKobahina,Nocturnal,3,3,Microcebus,mittermieiri,1,0,NA,NA,NA,0,0
Betaolana,Nocturnal,3,3,Lepilemur,seali,1,0,1,NA,NA,0.523598776,10
Ambodivoara,Nocturnal,3,13,Allocebus,trichotis,1,0,0,0,0,1.047197551,7
Betaolana,Nocturnal,3,2,Microcebus,mittermeieri,1,0,1,NA,NA,0.34906585,4
Androfiabe,Nocturnal,1,1,Avahi,laniger,1,0,1,NA,NA,0.523598776,20
Ambodivoara,Nocturnal,4,20,Microcebus,lehilahytsara,1,0,1,NA,NA,NA,NA
Ambodivoara,Nocturnal,4,14,Avahi,laniger,1,0,1,0,0,1.919862177,8
Befamatra,Nocturnal,2,1,Microcebus,mittermeieri,1,NA,NA,NA,NA,1.221730476,12
Ambodimandresy,Nocturnal,2,1,Cheirogaleus,crossleyi,2,NA,2,NA,NA,1.221730476,15
Ambodimandresy,Nocturnal,2,3,Cheirogaleus,crossleyi,1,NA,1,NA,NA,1.396263402,15
Ambodivoara,Nocturnal,4,15,Allocebus,trichotis,1,0,1,0,0,1.745329252,10
Ambodivoara,Nocturnal,3,11,Lepilemur,seali,1,0,1,0,0,4.188790205,18
Ambodivoara,Nocturnal,4,18,Avahi,laniger,1,0,1,NA,NA,5.235987756,20
AmbodivohitraKobahina,Nocturnal,3,1,Lepilemur,seali,1,0,NA,NA,NA,2.094395102,13
Ambodivoara,Nocturnal,2,3,Avahi,laniger,2,1,1,0,1,1.308996939,7
Betaolana,Nocturnal,2,2,Microcebus,mittermeieri,1,0,1,NA,NA,1.570796327,8
Betaolana,Nocturnal,3,2,Avahi,laniger,1,0,1,NA,NA,0.698131701,10
Betaolana,Nocturnal,1,3,Lepilemur,seali,1,0,1,NA,NA,0.523598776,20
Ambodimandresy,Nocturnal,1,3,Cheirogaleus,crossleyi,1,NA,NA,NA,NA,0.34906585,40
Ambodivoara,Nocturnal,1,18,Lepilemur,seali,1,0,1,0,0,3.490658504,20
Ambodivoara,Nocturnal,1,15,Microcebus,lehilahytsara,1,0,0,0,0,6.108652382,5
Ambodimandresy,Nocturnal,3,3,Avahi,laniger,2,NA,2,NA,NA,1.396263402,18
Ambodivoara,Nocturnal,2,2,Microcebus,mittermeieri,1,0,1,0,0,1.047197551,5
Betaolana,Nocturnal,3,1,Lepilemur,seali,1,0,1,NA,NA,0.698131701,15
AmbodivohitraKobahina,Nocturnal,2,3,Allocebus,trichotis,1,0,NA,NA,NA,0.34906585,13
AmbodivohitraKobahina,Nocturnal,2,3,Cheirogaleus,crossleyi,1,0,NA,NA,NA,1.570796327,5
Befamatra,Nocturnal,2,3,Cheirogaleus,crossleyi,5,NA,NA,NA,NA,1.483529864,28
Ambodivoara,Nocturnal,4,18,Allocebus,trichotis,1,0,1,NA,NA,1.570796327,4
Ambodivoara,Nocturnal,2,20,Avahi,laniger,3,1,3,1,1,0,0
Ambodimandresy,Nocturnal,1,2,Allocebus,trichotis,1,NA,1,NA,NA,0.174532925,4
Androfiabe,Nocturnal,2,1,Lepilemur,seali,1,0,1,NA,NA,0.785398163,10
Ambodimandresy,Nocturnal,2,3,Allocebus,trichotis,1,NA,1,NA,NA,1.308996939,10
Ambodivoara,Nocturnal,2,22,Avahi,laniger,1,0,1,NA,NA,1.047197551,7
Ambodivoara,Nocturnal,2,18,Avahi,laniger,1,0,1,0,0,0.698131701,10
Ambodivoara,Nocturnal,3,17,Lepilemur,seali,1,0,1,0,0,1.570796327,5
AmbodivohitraKobahina,Nocturnal,3,1,Cheirogaleus,crossleyi,1,0,NA,NA,NA,1.570796327,10
AmbodivohitraKobahina,Nocturnal,3,3,Lepilemur,seali,3,1,1,1,1,0,0
Betaolana,Nocturnal,3,2,Allocebus,trichotis,1,0,1,NA,NA,1.221730476,6
Befamatra,Nocturnal,1,3,Microcebus,mittermeieri,1,NA,NA,NA,NA,0.610865238,8
Androfiabe,Nocturnal,1,1,Avahi,laniger,1,0,1,NA,NA,0.34906585,15
Ambodimandresy,Nocturnal,3,1,Cheirogaleus,crossleyi,1,NA,1,NA,NA,1.221730476,8
Ambodivoara,Nocturnal,4,19,Lepilemur,seali,1,0,1,NA,NA,0,0
Ambodivoara,Nocturnal,2,17,Lepilemur,seali,1,0,0,0,0,1.570796327,15
Ambodivoara,Nocturnal,4,14,Microcebus,lehilahytsara,1,0,1,0,0,0.523598776,12
Betaolana,Nocturnal,2,3,Microcebus,mittermeieri,1,0,1,NA,NA,0.523598776,5
Ambodivoara,Nocturnal,4,13,Microcebus,lehilahytsara,1,0,1,0,0,4.886921906,3
Ambodivoara,Nocturnal,2,21,Microcebus,lehilahytsara,1,0,1,NA,NA,4.188790205,5
Ambodivoara,Nocturnal,2,16,Allocebus,trichotis,1,0,0,0,0,1.570796327,15
AmbodivohitraKobahina,Nocturnal,1,2,Cheirogaleus,crossleyi,1,0,NA,NA,NA,0,0
Ambodivoara,Nocturnal,4,17,Avahi,laniger,2,0,1,1,1,0,0
Befamatra,Nocturnal,2,1,Cheirogaleus,crossleyi,5,NA,NA,NA,NA,1.396263402,18
Betaolana,Nocturnal,3,3,Cheirogaleus,crossleyi,1,0,1,NA,NA,1.396263402,22
Androfiabe,Nocturnal,1,2,Avahi,laniger,2,0,2,1,1,0.523598776,10
Ambodimandresy,Nocturnal,3,2,Lepilemur,seali,1,NA,1,NA,NA,1.047197551,3
Ambodivoara,Nocturnal,1,14,Allocebus,trichotis,1,0,0,0,0,2.705260341,12
Ambodivoara,Nocturnal,1,16,Allocebus,trichotis,1,0,0,0,0,1.570796327,2
Ambodivoara,Nocturnal,2,4,Cheirogaleus,crossleyi,1,0,1,0,0,1.134464014,23
Ambodivoara,Nocturnal,4,13,Allocebus,trichotis,1,0,1,0,0,1.570796327,10
Ambodivoara,Nocturnal,4,19,Avahi,laniger,3,0,3,NA,NA,1.570796327,20
Ambodivoara,Nocturnal,3,15,Microcebus,lehilahytsara,1,0,1,NA,NA,1.570796327,9
AmbodivohitraKobahina,Nocturnal,1,1,Microcebus,mittermieiri,1,0,NA,NA,NA,1.570796327,6
AmbodivohitraKobahina,Nocturnal,2,2,Cheirogaleus,crossleyi,1,0,NA,NA,NA,2.094395102,7
Befamatra,Nocturnal,3,3,Cheirogaleus,crossleyi,1,NA,NA,NA,NA,1.221730476,10
Ambodimandresy,Nocturnal,2,2,Microcebus,mittermeieri,1,NA,1,NA,NA,1.396263402,5
Ambodivoara,Nocturnal,4,20,Allocebus,trichotis,1,0,1,NA,NA,NA,NA
Ambodivoara,Nocturnal,1,18,Microcebus,lehilahytsara,1,0,1,0,0,0.436332313,5
Ambodivoara,Nocturnal,4,17,Avahi,laniger,1,0,1,NA,NA,5.585053606,6
AmbodivohitraKobahina,Nocturnal,3,1,Cheirogaleus,crossleyi,1,0,NA,NA,NA,1.570796327,8
AmbodivohitraKobahina,Nocturnal,3,3,Avahi,laniger,3,1,1,1,1,1.570796327,6
Ambodimandresy,Nocturnal,3,3,Microcebus,mittermeieri,1,NA,NA,NA,NA,1.047197551,15
Ambodivoara,Nocturnal,4,19,Lepilemur,seali,1,0,1,NA,NA,1.396263402,3
Ambodivoara,Nocturnal,3,12,Microcebus,lehilahytsara,1,0,1,0,0,1.570796327,4
AmbodivohitraKobahina,Nocturnal,3,2,Microcebus,mittermieiri,1,0,NA,NA,NA,1.570796327,10
Befamatra,Nocturnal,3,2,Cheirogaleus,crossleyi,1,NA,1,NA,NA,1.483529864,20
Betaolana,Nocturnal,1,1,Allocebus,trichotis,1,0,1,1,0,1.396263402,4
Betaolana,Nocturnal,3,2,Lepilemur,seali,1,0,1,NA,NA,1.221730476,4
Ambodivoara,Nocturnal,3,13,Microcebus,lehilahytsara,1,0,0,0,0,1.919862177,4
Ambodivoara,Nocturnal,3,16,Lepilemur,seali,1,0,1,NA,NA,5.585053606,12
AmbodivohitraKobahina,Nocturnal,2,1,Lepilemur,seali,1,0,1,0,1,1.570796327,2
Betaolana,Nocturnal,3,1,Avahi,laniger,2,0,2,1,1,0.872664626,25
Ambodivoara,Nocturnal,4,15,Microcebus,lehilahytsara,1,0,1,0,0,2.094395102,20
Ambodivoara,Nocturnal,5,2,Allocebus,trichotis,1,0,1,0,0,1.570796327,4
Ambodivoara,Nocturnal,2,2,Cheirogaleus,crossleyi,1,0,1,0,0,0.785398163,15
Ambodimandresy,Nocturnal,1,2,Allocebus,trichotis,1,NA,1,NA,NA,1.396263402,8
Ambodimandresy,Nocturnal,2,3,Cheirogaleus,crossleyi,1,NA,1,NA,NA,0.698131701,12
Ambodivoara,Nocturnal,2,16,Microcebus,lehilahytsara,1,0,0,0,0,1.570796327,2
AmbodivohitraKobahina,Nocturnal,1,1,Microcebus,mittermieiri,1,0,NA,NA,NA,1.570796327,7
Befamatra,Nocturnal,1,3,Cheirogaleus,crossleyi,1,NA,NA,NA,NA,1.483529864,8
Ambodimandresy,Nocturnal,3,2,Cheirogaleus,crossleyi,1,NA,1,NA,NA,0.785398163,13
Ambodivoara,Nocturnal,4,20,Allocebus,trichotis,1,0,1,NA,NA,NA,NA
Ambodivoara,Nocturnal,2,18,Allocebus,trichotis,1,0,1,0,0,5.585053606,3
Androfiabe,Nocturnal,3,8,Eulemur,albifrons,6,2,4,3,3,0,0
Androfiabe,Nocturnal,3,4,Cheirogaleus,crossleyi,1,0,1,NA,NA,0,0
Ambodivoara,Nocturnal,2,23,Cheirogaleus,crossleyi,NA,NA,1,NA,NA,0,0
Ambodivoara,Nocturnal,3,19,Cheirogaleus,crossleyi,NA,NA,1,NA,NA,4.71238898,20
Ambodivoara,Nocturnal,2,24,Cheirogaleus,crossleyi,NA,NA,1,NA,NA,1.396263402,20
Ambodivoara,Nocturnal,2,23,Cheirogaleus,crossleyi,NA,NA,1,NA,NA,5.235987756,5
Ambodivoara,Nocturnal,2,26,Cheirogaleus,crossleyi,NA,NA,1,NA,NA,0,0
Ambodivoara,Nocturnal,4,21,Cheirogaleus,crossleyi,NA,NA,1,NA,NA,1.047197551,5
Androfiabe,Nocturnal,3,4,Eulemur,albifrons,,,,,,,
Androfiabe,Nocturnal,3,4,Cheirogaleus,crossleyi,2,0,2,NA,NA,1.570796327,5
Ambodivoara,Nocturnal,4,22,Cheirogaleus,crossleyi,NA,NA,1,NA,NA,5.235987756,10
Androfiabe,Nocturnal,2,4,Microcebus,lehilahytsara,1,0,1,NA,NA,1.570796327,12
Androfiabe,Nocturnal,2,4,Microcebus,lehilahytsara,1,0,1,NA,NA,1.570796327,14
Androfiabe,Nocturnal,2,5,Microcebus,lehilahytsara,1,0,1,NA,NA,1.570796327,5
Ambodivoara,Nocturnal,3,19,Cheirogaleus,crossleyi,NA,NA,1,NA,NA,2.094395102,10
Ambodivoara,Nocturnal,3,18,Cheirogaleus,crossleyi,NA,NA,1,NA,NA,4.188790205,20
Ambodivoara,Nocturnal,2,26,Microcebus,lehilahytsara,NA,NA,1,NA,NA,5.061454831,5
Ambodivoara,Nocturnal,1,25,Allocebus,trichotis,NA,NA,1,NA,NA,1.396263402,5
Androfiabe,Nocturnal,1,5,Lepilemur,seali,1,0,1,1,NA,1.570796327,6
Ambodivoara,Nocturnal,4,24,Cheirogaleus,crossleyi,NA,NA,1,NA,NA,0.785398163,10
Ambodivoara,Nocturnal,3,20,Cheirogaleus,crossleyi,NA,NA,2,NA,NA,5.410520681,10
Ambodivoara,Nocturnal,3,20,Cheirogaleus,crossleyi,NA,NA,1,NA,NA,1.396263402,6
Ambodivoara,Nocturnal,4,21,Cheirogaleus,crossleyi,NA,NA,1,NA,NA,1.570796327,20
Ambavala,Nocturnal,3,4,Cheirogaleus,crossleyi,1,0,1,NA,NA,0.785398163,10
Ambodivoara,Nocturnal,2,26,Cheirogaleus,crossleyi,NA,NA,1,NA,NA,1.396263402,10
Ambodivoara,Nocturnal,4,22,Cheirogaleus,crossleyi,NA,NA,2,NA,NA,5.061454831,15
Ambodivoara,Nocturnal,1,23,Cheirogaleus,crossleyi,NA,NA,1,NA,NA,5.410520681,20
Ambodivoara,Nocturnal,3,19,Cheirogaleus,crossleyi,NA,NA,1,NA,NA,1.221730476,6
Ambavala,Nocturnal,3,4,Cheirogaleus,crossleyi,1,0,1,NA,NA,1.570796327,15
Androfiabe,Nocturnal,3,6,Cheirogaleus,crossleyi,1,0,1,NA,NA,1.570796327,10
Ambodivoara,Nocturnal,3,21,Allocebus,trichotis,NA,NA,1,NA,NA,0,0
Ambodivoara,Nocturnal,4,24,Cheirogaleus,crossleyi,NA,NA,1,NA,NA,0.698131701,20
Ambodivoara,Nocturnal,4,23,Allocebus,trichotis,NA,NA,1,NA,NA,1.047197551,5
Ambodivoara,Nocturnal,4,21,Cheirogaleus,crossleyi,NA,NA,1,NA,NA,1.570796327,25
Androfiabe,Nocturnal,1,6,Avahi,laniger,1,0,1,NA,NA,0.785398163,20
Ambodivoara,Nocturnal,3,18,Lepilemur,seali,NA,NA,1,NA,NA,5.235987756,5
Androfiabe,Nocturnal,2,7,Microcebus,lehilahytsara,1,0,1,NA,NA,0.523598776,10
Androfiabe,Nocturnal,1,6,Cheirogaleus,crossleyi,2,0,2,NA,NA,0,0
Androfiabe,Nocturnal,3,7,Cheirogaleus,crossleyi,1,0,1,NA,NA,1.570796327,8
Ambodivoara,Nocturnal,1,25,Cheirogaleus,crossleyi,NA,NA,2,NA,NA,4.886921906,10
Ambodivoara,Nocturnal,3,18,Cheirogaleus,crossleyi,NA,NA,3,NA,NA,6.108652382,15
Androfiabe,Nocturnal,3,4,Cheirogaleus,crossleyi,1,0,1,NA,NA,1.570796327,2
Ambodivoara,Nocturnal,3,11,Lepilemur,seali,1,0,1,0,0,1.570796327,12
AmbodivohitraKobahina,Nocturnal,3,3,Lepilemur,seali,1,0,NA,NA,NA,1.570796327,8
AmbodivohitraKobahina,Nocturnal,3,3,Allocebus,trichotis,1,0,NA,NA,NA,1.396263402,6
Ambodivoara,Nocturnal,3,17,Microcebus,lehilahytsara,1,0,1,0,0,1.570796327,27
Ambodivoara,Nocturnal,2,19,Microcebus,lehilahytsara,1,0,1,0,0,0,0
AmbodivohitraKobahina,Nocturnal,3,1,Cheirogaleus,crossleyi,1,0,NA,NA,NA,0,0
Ambodivoara,Nocturnal,1,19,Microcebus,lehilahytsara,1,0,1,NA,NA,1.570796327,2
Ambodivoara,Nocturnal,1,14,Cheirogaleus,crossleyi,1,0,0,0,0,1.570796327,12
Ambodivoara,Nocturnal,4,17,Avahi,laniger,1,0,1,NA,NA,0,0
Ambodivoara,Nocturnal,4,14,Avahi,laniger,3,1,1,1,0,1.919862177,5
AmbodivohitraKobahina,Nocturnal,1,2,Lepilemur,seali,1,0,0,1,0,1.570796327,10
AmbodivohitraKobahina,Nocturnal,2,3,Microcebus,mittermieiri,1,0,NA,NA,NA,0,0
Ambodivoara,Nocturnal,1,21,Allocebus,trichotis,1,0,1,NA,NA,2.967059728,7
AmbodivohitraKobahina,Nocturnal,2,3,Allocebus,trichotis,1,0,NA,NA,NA,1.570796327,5
Ambodivoara,Nocturnal,1,17,Microcebus,lehilahytsara,1,0,1,0,0,5.934119457,10
Ambodivoara,Nocturnal,3,14,Microcebus,lehilahytsara,1,0,1,0,0,0,0
Befamatra,Nocturnal,1,1,Cheirogaleus,crossleyi,1,NA,1,NA,NA,1.221730476,8
Betaolana,Nocturnal,2,1,Allocebus,trichotis,1,0,1,NA,NA,0.785398163,20
AmbodivohitraKobahina,Nocturnal,1,2,Lepilemur,seali,1,0,NA,NA,NA,5.585053606,13
AmbodivohitraKobahina,Nocturnal,2,3,Avahi,laniger,2,1,1,0,1,1.570796327,7
Ambodivoara,Nocturnal,2,2,Microcebus,mittermeieri,1,0,1,0,0,0.698131701,15
Androfiabe,Nocturnal,3,2,Lepilemur,seali,1,0,1,NA,NA,0.523598776,20
Ambodivoara,Nocturnal,4,20,Microcebus,lehilahytsara,1,0,1,NA,NA,NA,NA
Befamatra,Nocturnal,1,1,Cheirogaleus,crossleyi,1,NA,1,NA,NA,0.698131701,15
Betaolana,Nocturnal,1,3,Avahi,laniger,1,0,1,NA,NA,1.396263402,10
Ambodihasina,Nocturnal,1,2,Allocebus,trichotis,2,NA,2,NA,NA,1.221730476,5
Ambodivoara,Nocturnal,4,17,Microcebus,lehilahytsara,1,0,1,NA,NA,1.570796327,NA
Ambodivoara,Nocturnal,2,20,Allocebus,trichotis,1,0,1,NA,NA,0,0
AmbodivohitraKobahina,Nocturnal,3,3,Cheirogaleus,crossleyi,1,0,NA,NA,NA,1.396263402,7
AmbodivohitraKobahina,Nocturnal,3,2,Cheirogaleus,crossleyi,1,0,NA,NA,NA,1.570796327,2
Befamatra,Nocturnal,1,2,Microcebus,mittermeieri,1,NA,1,NA,NA,1.308996939,11
Androfiabe,Nocturnal,2,2,Avahi,laniger,1,0,1,NA,NA,1.221730476,12
Androfiabe,Nocturnal,1,3,Lepilemur,seali,1,0,1,NA,NA,0.698131701,14
Ambodimandresy,Nocturnal,3,3,Avahi,laniger,2,NA,2,NA,NA,1.308996939,15
AmbodivohitraKobahina,Nocturnal,2,1,Cheirogaleus,crossleyi,1,0,NA,NA,NA,0,0
Betaolana,Nocturnal,3,2,Allocebus,trichotis,1,0,1,NA,NA,0.34906585,10
Ambodimandresy,Nocturnal,3,1,Microcebus,mittermeieri,1,NA,NA,NA,NA,0.523598776,1.5
Ambodimandresy,Nocturnal,2,1,Cheirogaleus,crossleyi,1,NA,1,NA,NA,1.396263402,20
AmbodivohitraKobahina,Nocturnal,3,1,Avahi,laniger,3,1,1,1,1,0,0
Befamatra,Nocturnal,1,3,Allocebus,trichotis,1,NA,NA,NA,NA,0.872664626,9
Androfiabe,Nocturnal,2,3,Lepilemur,seali,1,0,1,NA,NA,1.570796327,5
Ambodimandresy,Nocturnal,1,2,Microcebus,mittermeieri,1,NA,NA,NA,NA,1.221730476,7
AmbodivohitraKobahina,Nocturnal,2,2,Cheirogaleus,crossleyi,1,0,NA,NA,NA,1.570796327,10
Ambodivoara,Nocturnal,1,19,Lepilemur,seali,1,0,1,NA,NA,1.570796327,12
Ambodivoara,Nocturnal,2,17,Avahi,laniger,1,0,0,0,0,0,0
AmbodivohitraKobahina,Nocturnal,1,1,Lepilemur,seali,1,0,1,0,1,1.570796327,2
Ambodivoara,Nocturnal,3,11,Microcebus,lehilahytsara,1,0,0,0,0,1.570796327,7
Ambodivoara,Nocturnal,4,18,Lepilemur,seali,1,0,1,NA,NA,1.047197551,6
AmbodivohitraKobahina,Nocturnal,3,2,Cheirogaleus,crossleyi,1,0,NA,NA,NA,1.570796327,11
Ambodihasina,Nocturnal,2,1,Cheirogaleus,crossleyi,1,NA,1,NA,NA,1.308996939,12
Ambodihasina,Nocturnal,2,1,Cheirogaleus,crossleyi,1,NA,1,NA,NA,1.396263402,25
Ambodivoara,Nocturnal,4,16,Microcebus,lehilahytsara,1,0,1,0,0,0,0
Ambodivoara,Nocturnal,3,17,Avahi,laniger,2,0,2,1,1,1.919862177,4
AmbodivohitraKobahina,Nocturnal,1,3,Lepilemur,seali,1,0,NA,NA,NA,1.570796327,3
AmbodivohitraKobahina,Nocturnal,2,3,Cheirogaleus,crossleyi,1,0,NA,NA,NA,1.570796327,6
AmbodivohitraKobahina,Nocturnal,2,3,Cheirogaleus,crossleyi,1,0,NA,NA,NA,1.570796327,12
Befamatra,Nocturnal,1,1,Allocebus,trichotis,1,NA,1,NA,NA,1.570796327,5
Betaolana,Nocturnal,3,3,Allocebus,trichotis,1,0,1,NA,NA,0.698131701,6
Androfiabe,Nocturnal,1,1,Allocebus,trichotis,1,0,1,NA,NA,1.483529864,5
Befamatra,Nocturnal,2,3,Allocebus,trichotis,1,NA,NA,NA,NA,1.483529864,8
Befamatra,Nocturnal,2,3,Cheirogaleus,crossleyi,1,NA,NA,NA,NA,1.570796327,10
Androfiabe,Nocturnal,3,3,Lepilemur,seali,1,0,1,NA,NA,1.570796327,4
Ambodivoara,Nocturnal,4,20,Avahi,laniger,1,0,1,NA,NA,NA,NA
Ambodivoara,Nocturnal,2,2,Cheirogaleus,crossleyi,1,0,1,0,0,0.785398163,25
Ambodivoara,Nocturnal,4,13,Avahi,laniger,1,0,1,0,0,1.570796327,1
Ambodivoara,Nocturnal,3,10,Microcebus,lehilahytsara,1,0,1,0,0,1.745329252,12
Ambodivoara,Nocturnal,1,15,Microcebus,lehilahytsara,1,0,0,0,0,1.745329252,12
AmbodivohitraKobahina,Nocturnal,1,2,Cheirogaleus,crossleyi,1,0,NA,NA,NA,0,0
Ambodivoara,Nocturnal,5,2,Allocebus,trichotis,1,0,1,0,0,1.396263402,6
Ambodivoara,Nocturnal,2,3,Microcebus,mittermeieri,1,0,1,0,0,0.610865238,6
Betaolana,Nocturnal,1,2,Allocebus,trichotis,1,0,1,NA,NA,0.523598776,6
Ambodihasina,Nocturnal,1,2,Allocebus,trichotis,1,NA,1,NA,NA,1.570796327,10
Ambodimandresy,Nocturnal,3,1,Cheirogaleus,crossleyi,2,NA,NA,NA,NA,0.261799388,50
AmbodivohitraKobahina,Nocturnal,3,2,Cheirogaleus,crossleyi,1,0,NA,NA,NA,1.570796327,1
Befamatra,Nocturnal,1,3,Allocebus,trichotis,1,NA,NA,NA,NA,1.221730476,12
Betaolana,Nocturnal,3,2,Allocebus,trichotis,1,0,1,NA,NA,1.221730476,15
Ambodihasina,Nocturnal,3,2,Avahi,laniger,4,1,3,NA,NA,0.785398163,15
Befamatra,Nocturnal,3,2,Microcebus,mittermeieri,1,NA,1,NA,NA,0.698131701,15
Androfiabe,Nocturnal,2,3,Lepilemur,seali,1,0,1,NA,NA,1.221730476,7
Ambodihasina,Nocturnal,1,1,Allocebus,trichotis,1,NA,1,NA,NA,0.610865238,6
Ambodivoara,Nocturnal,1,16,Microcebus,lehilahytsara,1,0,0,0,0,0,0
Befamatra,Nocturnal,1,1,Cheirogaleus,crossleyi,1,NA,1,NA,NA,0.872664626,20
Befamatra,Nocturnal,1,1,Cheirogaleus,crossleyi,1,NA,NA,NA,NA,0.698131701,20
Ambodihasina,Nocturnal,1,2,Cheirogaleus,crossleyi,1,NA,1,NA,NA,1.570796327,15
Ambodihasina,Nocturnal,2,3,Avahi,laniger,1,NA,NA,NA,NA,0.698131701,15
Ambodimandresy,Nocturnal,3,2,Cheirogaleus,crossleyi,1,NA,NA,NA,NA,1.134464014,15
AmbodivohitraKobahina,Nocturnal,1,3,Microcebus,mittermieiri,1,0,NA,NA,NA,1.570796327,3
AmbodivohitraKobahina,Nocturnal,3,3,Microcebus,mittermieiri,1,0,NA,NA,NA,1.570796327,5
Betaolana,Nocturnal,2,2,Allocebus,trichotis,1,0,1,NA,NA,1.221730476,10
Betaolana,Nocturnal,2,3,Microcebus,mittermeieri,1,0,1,NA,NA,0.698131701,8
Ambodihasina,Nocturnal,1,1,Cheirogaleus,crossleyi,1,NA,1,NA,NA,0.610865238,12
Ambodivoara,Nocturnal,1,21,Lepilemur,seali,1,0,1,NA,NA,0,0
Befamatra,Nocturnal,2,1,Cheirogaleus,crossleyi,1,NA,NA,NA,NA,1.047197551,15
Befamatra,Nocturnal,2,2,Microcebus,mittermeieri,1,NA,1,NA,NA,0.174532925,2
Androfiabe,Nocturnal,1,1,Lepilemur,seali,1,0,1,NA,NA,1.396263402,10
Ambodivoara,Nocturnal,3,13,Microcebus,lehilahytsara,1,0,0,0,0,NA,NA
Androfiabe,Nocturnal,1,3,Lepilemur,seali,1,0,1,NA,NA,0.523598776,18
Ambodivoara,Nocturnal,2,17,Lepilemur,seali,1,0,0,0,0,1.047197551,17
AmbodivohitraKobahina,Nocturnal,2,3,Cheirogaleus,crossleyi,1,0,NA,NA,NA,1.570796327,12
Ambodivoara,Nocturnal,2,2,Cheirogaleus,crossleyi,1,0,1,0,0,1.221730476,10
Ambodivoara,Nocturnal,5,3,Lepilemur,seali,2,0,2,1,1,0.523598776,10
Ambodimandresy,Nocturnal,3,1,Microcebus,mittermeieri,1,NA,NA,NA,NA,1.570796327,1
AmbodivohitraKobahina,Nocturnal,3,1,Avahi,laniger,1,0,NA,NA,NA,1.570796327,5
AmbodivohitraKobahina,Nocturnal,2,2,Cheirogaleus,crossleyi,1,0,NA,NA,NA,0,0
Ambodihasina,Nocturnal,2,1,Microcebus,mittermeieri,1,NA,NA,NA,NA,0.261799388,2
Ambodivoara,Nocturnal,2,18,Allocebus,trichotis,1,0,1,0,0,5.934119457,5
Ambodivoara,Nocturnal,2,20,Lepilemur,seali,1,0,1,NA,NA,1.745329252,6
AmbodivohitraKobahina,Nocturnal,2,1,Cheirogaleus,crossleyi,1,0,NA,NA,NA,1.570796327,12
AmbodivohitraKobahina,Nocturnal,2,2,Microcebus,mittermieiri,1,0,NA,NA,NA,0.610865238,3
Ambodimandresy,Nocturnal,2,2,Lepilemur,seali,2,NA,2,NA,NA,1.221730476,3
Ambodivoara,Nocturnal,3,10,Allocebus,trichotis,1,0,1,0,0,1.570796327,11
Ambodivoara,Nocturnal,1,15,Allocebus,trichotis,1,0,0,0,0,1.570796327,11
AmbodivohitraKobahina,Nocturnal,3,3,Lepilemur,seali,1,0,NA,NA,NA,0,0
Betaolana,Nocturnal,2,1,Allocebus,trichotis,1,0,1,NA,NA,1.308996939,18
Betaolana,Nocturnal,1,2,Lepilemur,seali,1,0,1,NA,NA,0.34906585,7
Androfiabe,Nocturnal,2,3,Microcebus,mittermeieri,1,0,1,NA,NA,1.570796327,6
Ambodivoara,Nocturnal,4,17,Microcebus,lehilahytsara,1,0,1,NA,NA,1.745329252,NA
Befamatra,Nocturnal,1,3,Cheirogaleus,crossleyi,3,NA,NA,NA,NA,1.396263402,10
Ambodivoara,Nocturnal,2,3,Cheirogaleus,crossleyi,1,0,1,0,0,1.221730476,10
Ambodivoara,Nocturnal,2,3,Cheirogaleus,crossleyi,1,0,1,0,0,1.396263402,25
Befamatra,Nocturnal,1,3,Cheirogaleus,crossleyi,1,NA,NA,NA,NA,1.221730476,20
AmbodivohitraKobahina,Nocturnal,2,3,Cheirogaleus,crossleyi,1,0,NA,NA,NA,1.570796327,8
Befamatra,Nocturnal,1,3,Cheirogaleus,crossleyi,1,NA,NA,NA,NA,0.523598776,30
AmbodivohitraKobahina,Nocturnal,2,2,Lepilemur,seali,1,0,NA,NA,NA,1.919862177,20
AmbodivohitraKobahina,Nocturnal,3,3,Microcebus,mittermieiri,1,0,NA,NA,NA,0,0
Befamatra,Nocturnal,1,1,Cheirogaleus,crossleyi,1,NA,1,NA,NA,1.396263402,8
Betaolana,Nocturnal,2,3,Lepilemur,seali,1,0,1,NA,NA,0.610865238,20
Ambodivoara,Nocturnal,4,16,Allocebus,trichotis,1,0,1,0,0,0,0
Ambodihasina,Nocturnal,3,1,Cheirogaleus,crossleyi,1,NA,1,NA,NA,1.396263402,10
Befamatra,Nocturnal,1,1,Allocebus,trichotis,1,NA,NA,NA,NA,0.13962634,70
Ambodihasina,Nocturnal,1,2,Allocebus,trichotis,1,NA,NA,NA,NA,0.785398163,9
Befamatra,Nocturnal,2,1,Lepilemur,seali,1,NA,NA,NA,NA,0.436332313,6
Ambodihasina,Nocturnal,2,2,Cheirogaleus,crossleyi,2,NA,NA,NA,NA,1.221730476,18
Befamatra,Nocturnal,3,2,Cheirogaleus,crossleyi,1,NA,1,NA,NA,1.483529864,25
Betaolana,Nocturnal,2,2,Allocebus,trichotis,1,0,1,1,0,0.523598776,1.5
Androfiabe,Nocturnal,2,3,Lepilemur,seali,1,0,1,NA,NA,1.396263402,4
Ambodimandresy,Nocturnal,3,1,Microcebus,mittermeieri,1,NA,NA,NA,NA,0.34906585,40
Ambodivoara,Nocturnal,4,17,Microcebus,lehilahytsara,1,0,1,NA,NA,7.853981634,10
AmbodivohitraKobahina,Nocturnal,2,2,Lepilemur,seali,1,0,NA,NA,NA,0.261799388,5
Ambodimandresy,Nocturnal,3,1,Cheirogaleus,crossleyi,1,NA,NA,NA,NA,0.872664626,30
AmbodivohitraKobahina,Nocturnal,2,3,Lepilemur,seali,1,0,1,NA,1,1.570796327,2
Androfiabe,Nocturnal,3,2,Microcebus,mittermeieri,1,0,1,NA,NA,1.221730476,6
Betaolana,Nocturnal,1,1,Allocebus,trichotis,1,0,1,1,0,1.221730476,5
Betaolana,Nocturnal,3,2,Allocebus,trichotis,1,0,1,NA,NA,1.396263402,15
AmbodivohitraKobahina,Nocturnal,2,1,Cheirogaleus,crossleyi,1,0,NA,NA,NA,1.570796327,12
Ambodivoara,Nocturnal,1,1,Avahi,laniger,1,0,1,0,0,0.698131701,25
Ambodivoara,Nocturnal,1,1,Microcebus,mittermeieri,1,0,1,0,0,1.570796327,4
Betaolana,Nocturnal,2,1,Microcebus,mittermeieri,1,0,1,NA,NA,1.570796327,20
Ambodivoara,Nocturnal,2,20,Microcebus,lehilahytsara,1,0,1,NA,NA,0,0
AmbodivohitraKobahina,Nocturnal,3,3,Avahi,laniger,1,0,NA,NA,NA,0,0
Ambodihasina,Nocturnal,2,3,Allocebus,trichotis,1,NA,NA,NA,NA,1.186823891,7
Ambodivoara,Nocturnal,2,18,Avahi,laniger,1,0,1,0,0,0.523598776,11
AmbodivohitraKobahina,Nocturnal,1,3,Cheirogaleus,crossleyi,1,0,NA,NA,NA,1.570796327,12
AmbodivohitraKobahina,Nocturnal,3,3,Cheirogaleus,crossleyi,1,0,NA,NA,NA,1.570796327,12
AmbodivohitraKobahina,Nocturnal,3,1,Microcebus,mittermieiri,1,0,NA,NA,NA,1.221730476,5
AmbodivohitraKobahina,Nocturnal,2,2,Cheirogaleus,crossleyi,1,0,NA,NA,NA,1.570796327,12
Betaolana,Nocturnal,3,2,Allocebus,trichotis,1,0,1,1,NA,1.047197551,3
AmbodivohitraKobahina,Nocturnal,2,2,Microcebus,mittermieiri,1,0,NA,NA,NA,1.047197551,4
Befamatra,Nocturnal,1,3,Cheirogaleus,crossleyi,1,NA,NA,NA,NA,0.698131701,14
Betaolana,Nocturnal,2,3,Lepilemur,seali,2,0,2,NA,NA,0.698131701,10
Androfiabe,Nocturnal,1,1,Lepilemur,seali,1,0,1,NA,NA,1.396263402,5
Ambodihasina,Nocturnal,3,2,Allocebus,trichotis,1,NA,1,NA,NA,0.785398163,3
Ambodimandresy,Nocturnal,2,2,Microcebus,mittermeieri,1,NA,1,NA,NA,1.221730476,5
Befamatra,Nocturnal,1,1,Cheirogaleus,crossleyi,1,NA,1,NA,NA,1.047197551,8
Ambodivoara,Nocturnal,5,3,Cheirogaleus,crossleyi,1,0,1,0,0,0.523598776,18
Ambodivoara,Nocturnal,2,3,Cheirogaleus,crossleyi,1,0,1,0,0,0.698131701,25
Ambodihasina,Nocturnal,3,1,Cheirogaleus,crossleyi,1,NA,1,NA,NA,1.308996939,15
Ambodivoara,Nocturnal,3,10,Microcebus,lehilahytsara,1,0,1,0,0,1.570796327,6
Ambodivoara,Nocturnal,1,15,Microcebus,lehilahytsara,1,0,0,0,0,1.570796327,6
AmbodivohitraKobahina,Nocturnal,2,1,Cheirogaleus,crossleyi,1,0,NA,NA,NA,1.570796327,15
Ambodimandresy,Nocturnal,3,3,Avahi,laniger,2,NA,2,NA,NA,1.047197551,6
AmbodivohitraKobahina,Nocturnal,3,3,Lepilemur,seali,1,0,NA,NA,NA,2.094395102,10
Ambodihasina,Nocturnal,3,2,Allocebus,trichotis,1,NA,NA,NA,NA,1.047197551,35
Ambodimandresy,Nocturnal,1,2,Cheirogaleus,crossleyi,1,NA,NA,NA,NA,1.047197551,8
AmbodivohitraKobahina,Nocturnal,2,2,Allocebus,trichotis,1,0,NA,NA,NA,1.745329252,18
AmbodivohitraKobahina,Nocturnal,3,3,Avahi,laniger,2,1,1,0,1,0,0
Betaolana,Nocturnal,1,2,Allocebus,trichotis,1,0,1,NA,NA,0.610865238,25
AmbodivohitraKobahina,Nocturnal,3,1,Microcebus,mittermieiri,1,0,NA,NA,NA,1.570796327,8
Ambodivoara,Nocturnal,2,18,Lepilemur,seali,1,0,1,0,0,1.396263402,11
Ambodivoara,Nocturnal,1,1,Microcebus,mittermeieri,1,0,1,0,0,0.610865238,30
Ambodihasina,Nocturnal,2,1,Allocebus,trichotis,1,NA,1,NA,NA,1.047197551,13
Ambodihasina,Nocturnal,2,2,Avahi,laniger,2,NA,NA,NA,NA,0.436332313,7
AmbodivohitraKobahina,Nocturnal,3,3,Cheirogaleus,crossleyi,1,1,NA,NA,NA,1.570796327,13
Betaolana,Nocturnal,2,1,Microcebus,mittermeieri,1,0,1,NA,NA,0.698131701,10
Ambodimandresy,Nocturnal,3,1,Cheirogaleus,crossleyi,1,NA,NA,NA,NA,0.34906585,40
Befamatra,Nocturnal,2,2,Avahi,laniger,2,NA,2,1,1,1.396263402,15
Befamatra,Nocturnal,1,2,Cheirogaleus,crossleyi,1,NA,1,NA,NA,1.221730476,15
Befamatra,Nocturnal,3,2,Microcebus,mittermeieri,1,NA,1,NA,NA,1.047197551,6
Betaolana,Nocturnal,3,1,Lepilemur,seali,1,0,1,NA,NA,0.785398163,10
Ambodihasina,Nocturnal,3,1,Cheirogaleus,crossleyi,1,NA,1,NA,NA,1.047197551,20
AmbodivohitraKobahina,Nocturnal,2,2,Microcebus,mittermieiri,1,0,NA,NA,NA,1.570796327,9
Betaolana,Nocturnal,3,3,Avahi,laniger,1,0,1,NA,NA,0.436332313,3
Ambodimandresy,Nocturnal,1,2,Allocebus,trichotis,1,NA,1,NA,NA,0.698131701,6
Ambodivoara,Nocturnal,5,2,Allocebus,trichotis,1,0,1,0,0,0.785398163,20
Ambodimandresy,Nocturnal,3,2,Cheirogaleus,crossleyi,1,NA,1,NA,NA,0.872664626,6
Ambodivoara,Nocturnal,1,24,Allocebus,trichotis,NA,NA,1,NA,NA,2.094395102,5
Androfiabe,Nocturnal,3,5,Eulemur,albifrons,NA,NA,NA,NA,NA,,
Androfiabe,Nocturnal,3,5,Cheirogaleus,crossleyi,1,0,1,NA,NA,1.570796327,20
Androfiabe,Nocturnal,3,8,Cheirogaleus,crossleyi,1,0,1,NA,NA,0.785398163,15
Ambodivoara,Nocturnal,2,23,Allocebus,trichotis,NA,NA,1,NA,NA,4.886921906,6
Androfiabe,Nocturnal,2,5,Microcebus,lehilahytsara,1,0,1,NA,NA,0.523598776,6
Androfiabe,Nocturnal,2,8,Microcebus,lehilahytsara,1,0,1,NA,NA,0,0
Androfiabe,Nocturnal,1,6,Cheirogaleus,crossleyi,1,0,1,NA,NA,0,0
Androfiabe,Nocturnal,3,6,Avahi,laniger,1,0,1,NA,NA,0.785398163,12
Ambodivoara,Nocturnal,4,21,Avahi,laniger,NA,NA,3,NA,NA,0,0
Ambodivoara,Nocturnal,3,21,Cheirogaleus,crossleyi,NA,NA,2,NA,NA,4.537856055,20
Ambodivoara,Nocturnal,1,24,Avahi,laniger,NA,NA,1,NA,NA,0.523598776,5
Ambodivoara,Nocturnal,2,26,Cheirogaleus,crossleyi,NA,NA,1,NA,NA,1.047197551,20
Ambodivoara,Nocturnal,2,24,Cheirogaleus,crossleyi,NA,NA,1,NA,NA,1.570796327,25
Androfiabe,Nocturnal,1,5,Cheirogaleus,crossleyi,1,0,1,NA,NA,0,0
Androfiabe,Nocturnal,1,8,Cheirogaleus,crossleyi,1,0,1,NA,NA,0,0
Androfiabe,Nocturnal,2,5,Cheirogaleus,crossleyi,1,0,1,NA,NA,1.570796327,2
Androfiabe,Nocturnal,3,7,Lepilemur,seali,1,0,1,NA,NA,1.570796327,20
Ambodivoara,Nocturnal,2,25,Cheirogaleus,crossleyi,NA,NA,1,NA,NA,0,0
Ambodivoara,Nocturnal,3,20,Allocebus,trichotis,NA,NA,1,NA,NA,1.047197551,5
Ambodivoara,Nocturnal,2,23,Microcebus,lehilahytsara,NA,NA,1,NA,NA,1.570796327,9
Androfiabe,Nocturnal,2,5,Microcebus,lehilahytsara,1,0,1,NA,NA,1.570796327,15
Ambodivoara,Nocturnal,1,23,Cheirogaleus,crossleyi,NA,NA,1,NA,NA,3.839724354,30
Ambodivoara,Nocturnal,4,22,Cheirogaleus,crossleyi,NA,NA,2,NA,NA,1.047197551,20
Ambodivoara,Nocturnal,2,23,Allocebus,trichotis,NA,NA,1,NA,NA,1.570796327,4
Ambavala,Nocturnal,3,4,Cheirogaleus,crossleyi,1,0,1,NA,NA,1.570796327,12
Androfiabe,Nocturnal,3,5,Cheirogaleus,crossleyi,1,0,1,NA,NA,1.570796327,30
Androfiabe,Nocturnal,3,8,Lepilemur,seali,1,0,1,NA,NA,1.570796327,12
Ambodivoara,Nocturnal,3,18,Allocebus,trichotis,NA,NA,2,NA,NA,1.396263402,18
Androfiabe,Nocturnal,1,4,Microcebus,lehilahytsara,1,0,1,NA,NA,1.570796327,20
Androfiabe,Nocturnal,1,4,Microcebus,lehilahytsara,1,0,1,NA,NA,0,0
Androfiabe,Nocturnal,1,7,Cheirogaleus,crossleyi,1,0,1,NA,NA,0.523598776,20
Androfiabe,Nocturnal,2,4,Microcebus,lehilahytsara,1,0,1,NA,NA,1.570796327,15
Androfiabe,Nocturnal,2,7,Cheirogaleus,crossleyi,1,0,1,NA,NA,0,0
Ambodivoara,Nocturnal,1,22,Allocebus,trichotis,NA,NA,1,NA,NA,1.221730476,10
Ambodivoara,Nocturnal,2,25,Cheirogaleus,crossleyi,NA,NA,1,NA,NA,1.221730476,20
Androfiabe,Nocturnal,1,6,Microcebus,lehilahytsara,1,0,1,NA,NA,1.570796327,10
Ambodivoara,Nocturnal,1,24,Lepilemur,seali,NA,NA,1,NA,NA,1.221730476,10
Ambodivoara,Nocturnal,4,23,Lepilemur,seali,NA,NA,1,NA,NA,5.410520681,10
Ambodivoara,Nocturnal,1,23,Allocebus,trichotis,NA,NA,2,NA,NA,0,0
Ambodivoara,Nocturnal,3,20,Lepilemur,seali,NA,NA,1,NA,NA,0.698131701,15
Ambodivoara,Nocturnal,3,19,Lepilemur,seali,NA,NA,1,NA,NA,4.537856055,10
Ambavala,Nocturnal,3,4,Cheirogaleus,crossleyi,1,0,1,NA,NA,1.570796327,10
Androfiabe,Nocturnal,1,8,Cheirogaleus,crossleyi,2,0,2,NA,NA,0.523598776,10
Androfiabe,Nocturnal,2,5,Cheirogaleus,crossleyi,1,0,1,NA,NA,1.396263402,25
Androfiabe,Nocturnal,2,8,Cheirogaleus,crossleyi,1,0,1,NA,NA,1.570796327,3
Androfiabe,Nocturnal,3,4,Allocebus,trichotis,1,0,1,NA,NA,1.570796327,8
Ambodivoara,Nocturnal,2,26,Cheirogaleus,crossleyi,NA,NA,1,NA,NA,1.047197551,10
Ambodivoara,Nocturnal,3,18,Cheirogaleus,crossleyi,NA,NA,1,NA,NA,1.570796327,10
Androfiabe,Nocturnal,2,8,Microcebus,lehilahytsara,1,0,1,NA,NA,1.570796327,2
Ambodivoara,Nocturnal,3,21,Lepilemur,seali,NA,NA,1,NA,NA,1.047197551,10
Ambodivoara,Nocturnal,4,24,Allocebus,trichotis,NA,NA,1,NA,NA,1.919862177,5
Androfiabe,Nocturnal,3,6,Cheirogaleus,crossleyi,1,0,1,NA,NA,1.570796327,12
Androfiabe,Nocturnal,3,7,Cheirogaleus,crossleyi,1,0,1,NA,NA,0,0
Androfiabe,Nocturnal,3,8,Cheirogaleus,crossleyi,1,0,1,NA,NA,1.570796327,13
Ambodivoara,Nocturnal,2,25,Cheirogaleus,crossleyi,NA,NA,1,NA,NA,1.047197551,15
Ambodivoara,Nocturnal,4,22,Cheirogaleus,crossleyi,NA,NA,1,NA,NA,1.570796327,10
Androfiabe,Nocturnal,1,5,Cheirogaleus,crossleyi,1,0,1,NA,NA,1.570796327,15
Androfiabe,Nocturnal,1,5,Lepilemur,seali,1,0,1,NA,NA,1.570796327,7
Androfiabe,Nocturnal,2,5,Cheirogaleus,crossleyi,1,0,1,NA,NA,0.523598776,5
Androfiabe,Nocturnal,2,7,Cheirogaleus,crossleyi,1,0,1,NA,NA,0,0
Androfiabe,Nocturnal,3,5,Cheirogaleus,crossleyi,1,0,1,NA,NA,1.570796327,9
Ambodivoara,Nocturnal,2,26,Cheirogaleus,crossleyi,NA,NA,1,NA,NA,1.570796327,15
Ambodivoara,Nocturnal,3,19,Lepilemur,seali,NA,NA,1,NA,NA,1.570796327,20
Androfiabe,Nocturnal,3,8,Cheirogaleus,crossleyi,1,0,1,NA,NA,0,0
Androfiabe,Nocturnal,3,8,Lepilemur,seali,1,0,1,NA,NA,0,0
Ambodivoara,Nocturnal,1,23,Allocebus,trichotis,3,1,2,NA,NA,4.886921906,5
Androfiabe,Nocturnal,1,4,Microcebus,lehilahytsara,1,0,1,NA,NA,1.570796327,10
Ambodivoara,Nocturnal,3,20,Lepilemur,seali,NA,NA,1,NA,NA,4.886921906,10
Ambodivoara,Nocturnal,2,26,Cheirogaleus,crossleyi,NA,NA,1,NA,NA,0,0
Ambodivoara,Nocturnal,4,24,Cheirogaleus,crossleyi,NA,NA,1,NA,NA,1.047197551,10
Ambodivoara,Nocturnal,4,21,Cheirogaleus,crossleyi,NA,NA,1,NA,NA,1.570796327,10
Ambodivoara,Nocturnal,4,21,Avahi,laniger,NA,NA,1,NA,NA,5.934119457,5
Androfiabe,Nocturnal,1,4,Microcebus,lehilahytsara,1,0,1,NA,NA,1.570796327,3
Androfiabe,Nocturnal,2,4,Lepilemur,seali,1,0,1,NA,1,0,0
Androfiabe,Nocturnal,2,5,Microcebus,lehilahytsara,1,0,1,NA,NA,0.698131701,22
Androfiabe,Nocturnal,3,4,Cheirogaleus,crossleyi,1,0,1,NA,NA,1.570796327,2
Androfiabe,Nocturnal,3,5,Cheirogaleus,crossleyi,1,0,1,NA,NA,1.570796327,12
Ambodivoara,Nocturnal,4,23,Allocebus,trichotis,NA,NA,1,NA,NA,0,0
Ambodivoara,Nocturnal,1,24,Cheirogaleus,crossleyi,NA,NA,1,NA,NA,5.585053606,20
Ambodivoara,Nocturnal,4,22,Cheirogaleus,crossleyi,NA,NA,1,NA,NA,1.047197551,14
Ambodivoara,Nocturnal,1,22,Cheirogaleus,crossleyi,NA,NA,1,NA,NA,1.570796327,10
Ambodivoara,Nocturnal,2,23,Cheirogaleus,crossleyi,NA,NA,1,NA,NA,5.585053606,6
Ambodivoara,Nocturnal,1,22,Allocebus,trichotis,NA,NA,1,NA,NA,1.570796327,8
Androfiabe,Nocturnal,2,8,Lepilemur,seali,1,0,1,NA,NA,0,0
Ambodivoara,Nocturnal,3,19,Lepilemur,seali,NA,NA,1,NA,NA,0,0
Ambodivoara,Nocturnal,2,25,Allocebus,trichotis,NA,NA,1,NA,NA,1.396263402,5
Androfiabe,Nocturnal,1,8,Microcebus,lehilahytsara,1,0,1,NA,NA,1.570796327,5
Androfiabe,Nocturnal,2,6,Cheirogaleus,crossleyi,1,0,1,NA,NA,1.570796327,20
Androfiabe,Nocturnal,3,8,Cheirogaleus,crossleyi,1,0,1,NA,NA,1.570796327,20
Androfiabe,Nocturnal,1,5,Cheirogaleus,crossleyi,2,0,2,NA,NA,0.785398163,30
Ambodivoara,Nocturnal,2,26,Cheirogaleus,crossleyi,NA,NA,1,NA,NA,5.585053606,25
Ambodivoara,Nocturnal,4,24,Allocebus,trichotis,NA,NA,2,NA,NA,1.221730476,8
Ambodivoara,Nocturnal,3,21,Cheirogaleus,crossleyi,NA,NA,1,NA,NA,1.570796327,15
Androfiabe,Nocturnal,1,4,Cheirogaleus,crossleyi,1,0,1,NA,NA,1.570796327,8
Androfiabe,Nocturnal,1,5,Cheirogaleus,crossleyi,1,0,1,NA,NA,1.570796327,25
Androfiabe,Nocturnal,2,4,Microcebus,lehilahytsara,1,0,1,NA,NA,1.570796327,4
Ambodivoara,Nocturnal,4,23,Cheirogaleus,crossleyi,NA,NA,1,NA,NA,0,0
Ambavala,Nocturnal,3,4,Cheirogaleus,crossleyi,1,0,1,NA,NA,1.570796327,25
Androfiabe,Nocturnal,3,7,Cheirogaleus,crossleyi,1,0,1,NA,NA,0,0
Ambodivoara,Nocturnal,4,21,Lepilemur,seali,NA,NA,1,NA,NA,1.919862177,10
Androfiabe,Nocturnal,2,6,Cheirogaleus,crossleyi,1,0,1,NA,NA,1.570796327,25
Androfiabe,Nocturnal,3,4,Cheirogaleus,crossleyi,1,0,1,NA,NA,0.785398163,22
Ambodivoara,Nocturnal,3,20,Cheirogaleus,crossleyi,NA,NA,1,NA,NA,5.410520681,20
Androfiabe,Nocturnal,2,7,Cheirogaleus,crossleyi,1,0,1,NA,NA,1.570796327,5
Androfiabe,Nocturnal,1,6,Microcebus,lehilahytsara,1,0,1,NA,NA,0,0
Androfiabe,Nocturnal,2,5,Microcebus,lehilahytsara,1,0,1,NA,NA,1.570796327,5
Androfiabe,Nocturnal,3,4,Cheirogaleus,crossleyi,2,0,2,NA,NA,1.570796327,25
Androfiabe,Nocturnal,3,8,Cheirogaleus,crossleyi,1,0,1,NA,NA,1.570796327,2
Androfiabe,Nocturnal,3,8,Cheirogaleus,crossleyi,1,0,1,NA,NA,1.570796327,7
Ambodivoara,Nocturnal,2,23,Cheirogaleus,crossleyi,NA,NA,1,NA,NA,1.570796327,10
Ambodivoara,Nocturnal,1,24,Lepilemur,seali,NA,NA,1,NA,NA,1.570796327,15
Ambodivoara,Nocturnal,1,23,Microcebus,lehilahytsara,NA,NA,1,NA,NA,4.71238898,15
Ambodivoara,Nocturnal,2,24,Cheirogaleus,crossleyi,NA,NA,1,NA,NA,5.235987756,10
Androfiabe,Nocturnal,2,6,Cheirogaleus,crossleyi,1,0,1,NA,NA,0.34906585,15
Ambodivoara,Nocturnal,3,21,Cheirogaleus,crossleyi,NA,NA,1,NA,NA,4.886921906,25
Androfiabe,Nocturnal,2,5,Microcebus,lehilahytsara,1,0,1,NA,NA,0.34906585,15
Androfiabe,Nocturnal,2,7,Allocebus,trichotis,1,0,1,NA,NA,1.570796327,12
Ambodivoara,Nocturnal,2,26,Cheirogaleus,crossleyi,NA,NA,1,NA,NA,4.886921906,10
Ambodivoara,Nocturnal,4,24,Microcebus,lehilahytsara,NA,NA,1,NA,NA,4.71238898,5
Ambodivoara,Nocturnal,1,22,Microcebus,lehilahytsara,NA,NA,1,NA,NA,1.570796327,5
Androfiabe,Nocturnal,1,6,Allocebus,trichotis,1,0,1,NA,NA,0,0
Androfiabe,Nocturnal,1,7,Lepilemur,seali,1,0,1,NA,NA,0.785398163,8
Androfiabe,Nocturnal,2,4,Microcebus,lehilahytsara,1,0,1,NA,NA,0,0
Androfiabe,Nocturnal,2,8,Cheirogaleus,crossleyi,1,0,1,NA,NA,0,0
Androfiabe,Nocturnal,3,4,Cheirogaleus,crossleyi,1,0,1,NA,NA,1.570796327,20
Ambodivoara,Nocturnal,4,22,Allocebus,trichotis,NA,NA,3,NA,NA,5.061454831,20
Androfiabe,Nocturnal,2,6,Lepilemur,seali,1,0,1,0,1,1.570796327,2
Androfiabe,Nocturnal,3,5,Cheirogaleus,crossleyi,1,0,1,NA,NA,1.570796327,15
Androfiabe,Nocturnal,3,8,Allocebus,trichotis,1,0,1,NA,NA,1.570796327,6
Androfiabe,Nocturnal,3,8,Allocebus,trichotis,1,0,1,NA,NA,1.570796327,7
Ambodivoara,Nocturnal,4,23,Cheirogaleus,crossleyi,NA,NA,1,NA,NA,5.061454831,15
Androfiabe,Nocturnal,1,8,Cheirogaleus,crossleyi,1,0,1,NA,NA,1.570796327,14
Androfiabe,Nocturnal,2,8,Microcebus,lehilahytsara,1,0,1,NA,NA,0.523598776,3
Androfiabe,Nocturnal,3,8,Allocebus,trichotis,1,0,1,NA,NA,1.570796327,8
Ambodivoara,Nocturnal,3,19,Avahi,laniger,NA,NA,1,NA,NA,4.886921906,10
Ambodivoara,Nocturnal,3,21,Cheirogaleus,crossleyi,NA,NA,1,NA,NA,5.235987756,20
Ambodivoara,Nocturnal,2,25,Microcebus,lehilahytsara,NA,NA,1,NA,NA,1.570796327,6
Androfiabe,Nocturnal,1,7,Microcebus,lehilahytsara,1,0,1,NA,NA,0.872664626,16
Androfiabe,Nocturnal,2,5,Lepilemur,seali,2,0,2,NA,NA,1.570796327,15
Androfiabe,Nocturnal,3,4,Cheirogaleus,crossleyi,1,0,1,NA,NA,0.523598776,17
Ambodivoara,Nocturnal,2,23,Cheirogaleus,crossleyi,NA,NA,2,NA,NA,1.570796327,10
Ambodivoara,Nocturnal,2,26,Cheirogaleus,crossleyi,NA,NA,1,NA,NA,0.785398163,20
Ambodivoara,Nocturnal,1,22,Microcebus,lehilahytsara,NA,NA,1,NA,NA,1.396263402,9
Androfiabe,Nocturnal,1,6,Avahi,laniger,3,1,3,NA,NA,1.221730476,18
Androfiabe,Nocturnal,3,5,Avahi,laniger,1,0,1,NA,NA,1.570796327,25
Androfiabe,Nocturnal,3,7,Microcebus,lehilahytsara,1,0,1,NA,NA,1.570796327,7
Androfiabe,Nocturnal,1,4,Cheirogaleus,crossleyi,1,0,1,NA,NA,1.221730476,1
Androfiabe,Nocturnal,3,7,Microcebus,lehilahytsara,1,0,1,NA,NA,1.570796327,6
Ambodivoara,Nocturnal,1,25,Avahi,laniger,NA,NA,1,NA,NA,1.570796327,15
Ambodivoara,Nocturnal,3,21,Lepilemur,seali,NA,NA,1,NA,NA,1.047197551,15
Androfiabe,Nocturnal,1,7,Microcebus,lehilahytsara,1,0,1,NA,NA,0,0
Androfiabe,Nocturnal,3,6,Microcebus,lehilahytsara,1,0,1,NA,NA,0,0
Androfiabe,Nocturnal,3,4,Cheirogaleus,crossleyi,1,0,1,NA,NA,1.570796327,5
Ambodivoara,Nocturnal,3,19,Lepilemur,seali,NA,NA,1,NA,NA,5.585053606,10
Ambodivoara,Nocturnal,3,19,Cheirogaleus,crossleyi,NA,NA,2,NA,NA,5.585053606,10
Androfiabe,Nocturnal,1,5,Avahi,laniger,3,0,1,0,1,1.570796327,17
Ambodivoara,Nocturnal,4,23,Cheirogaleus,crossleyi,NA,NA,2,NA,NA,0,0
Ambodivoara,Nocturnal,1,22,Cheirogaleus,crossleyi,NA,NA,1,NA,NA,1.570796327,20
Ambodivoara,Nocturnal,2,24,Cheirogaleus,crossleyi,NA,NA,1,NA,NA,1.570796327,6
Androfiabe,Nocturnal,1,7,Lepilemur,seali,1,0,1,NA,NA,1.570796327,18
Androfiabe,Nocturnal,2,5,Lepilemur,seali,1,0,1,NA,NA,1.570796327,6
Androfiabe,Nocturnal,3,7,Cheirogaleus,crossleyi,1,0,1,NA,NA,0,0
Androfiabe,Nocturnal,3,8,Cheirogaleus,crossleyi,1,0,1,NA,NA,0,0
Ambodivoara,Nocturnal,3,21,Cheirogaleus,crossleyi,NA,NA,1,NA,NA,1.396263402,10
Androfiabe,Nocturnal,1,6,Microcebus,lehilahytsara,1,0,1,NA,NA,0.698131701,20
Androfiabe,Nocturnal,3,4,Cheirogaleus,crossleyi,1,0,1,NA,NA,0,0
Androfiabe,Nocturnal,3,5,Microcebus,lehilahytsara,1,0,1,NA,NA,0.523598776,5
Ambodivoara,Nocturnal,2,26,Cheirogaleus,crossleyi,NA,NA,1,NA,NA,0,0
Ambodivoara,Nocturnal,4,24,Cheirogaleus,crossleyi,NA,NA,1,NA,NA,4.886921906,20
Ambodivoara,Nocturnal,1,24,Microcebus,lehilahytsara,NA,NA,1,NA,NA,0.34906585,6
Androfiabe,Nocturnal,1,4,Lepilemur,seali,2,0,2,NA,NA,0.785398163,12
Androfiabe,Nocturnal,1,7,Cheirogaleus,crossleyi,1,0,1,NA,NA,1.570796327,4
Androfiabe,Nocturnal,2,8,Lepilemur,seali,1,0,1,NA,NA,0.523598776,6
Androfiabe,Nocturnal,1,6,Cheirogaleus,crossleyi,1,0,1,NA,NA,1.570796327,25
Androfiabe,Nocturnal,2,5,Cheirogaleus,crossleyi,1,0,1,NA,NA,0.523598776,7
Androfiabe,Nocturnal,3,6,Cheirogaleus,crossleyi,1,0,1,NA,NA,0,0
Ambodivoara,Nocturnal,2,23,Cheirogaleus,crossleyi,NA,NA,1,NA,NA,0.785398163,15
Ambodivoara,Nocturnal,2,24,Microcebus,lehilahytsara,NA,NA,1,NA,NA,5.061454831,7
Androfiabe,Nocturnal,2,7,Microcebus,lehilahytsara,1,0,1,NA,NA,0,0
Androfiabe,Nocturnal,3,7,Cheirogaleus,crossleyi,1,0,1,NA,NA,1.221730476,18
Androfiabe,Nocturnal,3,7,Cheirogaleus,crossleyi,1,0,1,NA,NA,1.221730476,15
Androfiabe,Nocturnal,1,6,Cheirogaleus,crossleyi,1,0,1,NA,NA,0.523598776,26
Androfiabe,Nocturnal,1,7,Microcebus,lehilahytsara,1,0,1,NA,NA,0,0
Androfiabe,Nocturnal,3,5,Microcebus,lehilahytsara,1,0,1,NA,NA,1.047197551,6
Ambodivoara,Nocturnal,2,25,Cheirogaleus,crossleyi,NA,NA,1,NA,NA,1.047197551,20
Ambodivoara,Nocturnal,3,20,Cheirogaleus,crossleyi,NA,NA,1,NA,NA,1.570796327,25
Androfiabe,Nocturnal,2,4,Avahi,laniger,2,1,1,NA,1,1.570796327,10
Androfiabe,Nocturnal,3,4,Allocebus,trichotis,1,0,1,NA,NA,0.785398163,26
Ambodivoara,Nocturnal,1,24,Microcebus,lehilahytsara,NA,NA,1,NA,NA,0,0
Androfiabe,Nocturnal,3,6,Microcebus,lehilahytsara,1,0,1,NA,NA,0,0
Ambodivoara,Nocturnal,4,23,Cheirogaleus,crossleyi,NA,NA,1,NA,NA,0,0
Androfiabe,Nocturnal,1,4,Microcebus,lehilahytsara,1,0,1,NA,NA,0.785398163,14
Androfiabe,Nocturnal,2,7,Cheirogaleus,crossleyi,1,0,1,NA,NA,0.698131701,23
Androfiabe,Nocturnal,3,8,Lepilemur,seali,1,0,1,1,NA,1.570796327,1
Ambodivoara,Nocturnal,2,26,Cheirogaleus,crossleyi,NA,NA,1,NA,NA,0.698131701,30
Ambodivoara,Nocturnal,2,23,Cheirogaleus,crossleyi,NA,NA,1,NA,NA,1.570796327,8
Androfiabe,Nocturnal,1,7,Cheirogaleus,crossleyi,1,0,1,NA,NA,0.523598776,6
Androfiabe,Nocturnal,1,7,Microcebus,lehilahytsara,1,0,1,NA,NA,0.523598776,10
Androfiabe,Nocturnal,1,8,Cheirogaleus,crossleyi,1,0,1,NA,NA,0.785398163,13
Androfiabe,Nocturnal,2,4,Cheirogaleus,crossleyi,1,0,1,NA,NA,0,0
Ambodivoara,Nocturnal,3,21,Cheirogaleus,crossleyi,NA,NA,1,NA,NA,0,0
Ambodivoara,Nocturnal,3,19,Lepilemur,seali,NA,NA,1,NA,NA,4.188790205,10
Androfiabe,Nocturnal,1,5,Cheirogaleus,crossleyi,1,0,1,NA,NA,0,0
Androfiabe,Nocturnal,1,5,Lepilemur,seali,2,0,2,NA,NA,0.34906585,10
Androfiabe,Nocturnal,2,7,Cheirogaleus,crossleyi,1,0,1,NA,NA,0,
Androfiabe,Nocturnal,3,5,Cheirogaleus,crossleyi,1,0,1,NA,NA,1.570796327,11
Androfiabe,Nocturnal,3,6,Cheirogaleus,crossleyi,1,0,1,NA,NA,0,0
Androfiabe,Nocturnal,2,8,Cheirogaleus,crossleyi,1,0,1,NA,NA,0,0
Androfiabe,Nocturnal,2,5,Lepilemur,seali,1,0,1,1,0,0,0
Androfiabe,Nocturnal,3,7,Microcebus,lehilahytsara,1,0,1,NA,NA,1.570796327,3
Androfiabe,Nocturnal,1,5,Microcebus,lehilahytsara,1,0,1,NA,NA,1.570796327,5
Androfiabe,Nocturnal,1,6,Cheirogaleus,crossleyi,1,0,1,NA,NA,1.570796327,15
Androfiabe,Nocturnal,1,6,Avahi,laniger,2,1,2,NA,NA,1.570796327,2
Ambodivoara,Nocturnal,1,23,Microcebus,lehilahytsara,NA,NA,1,NA,NA,0.698131701,5
Androfiabe,Nocturnal,1,8,Avahi,laniger,1,0,1,NA,NA,0,0
AmbodivohitraKobahina,Nocturnal,3,1,Avahi,laniger,2,0,1,1,1,0,0
AmbodivohitraKobahina,Nocturnal,3,3,Lepilemur,seali,1,0,NA,NA,NA,1.396263402,4
Ambodivoara,Nocturnal,3,10,Allocebus,trichotis,1,0,1,0,0,1.570796327,15
Ambodivoara,Nocturnal,1,15,Allocebus,trichotis,1,0,0,0,0,1.570796327,15
AmbodivohitraKobahina,Nocturnal,3,1,Lepilemur,seali,2,0,1,1,1,1.047197551,10
AmbodivohitraKobahina,Nocturnal,1,3,Microcebus,mittermieiri,1,0,NA,NA,NA,1.570796327,5
AmbodivohitraKobahina,Nocturnal,3,3,Microcebus,mittermieiri,1,0,NA,NA,NA,1.570796327,7
Ambodihasina,Nocturnal,2,1,Cheirogaleus,crossleyi,1,NA,1,NA,NA,0.523598776,10
Betaolana,Nocturnal,2,3,Microcebus,mittermeieri,1,0,1,NA,NA,1.221730476,10
Androfiabe,Nocturnal,1,3,Lepilemur,seali,1,0,1,NA,NA,1.047197551,25
Ambodihasina,Nocturnal,2,3,Cheirogaleus,crossleyi,1,NA,NA,NA,NA,0.785398163,30
Androfiabe,Nocturnal,1,3,Avahi,laniger,2,0,2,1,1,1.047197551,5
Ambodihasina,Nocturnal,3,2,Cheirogaleus,crossleyi,2,NA,NA,NA,NA,1.221730476,25
Ambodivoara,Nocturnal,2,18,Lepilemur,seali,1,0,1,0,0,4.71238898,7
Ambodivoara,Nocturnal,4,17,Allocebus,trichotis,1,0,1,NA,NA,NA,NA
Ambodihasina,Nocturnal,3,3,Cheirogaleus,crossleyi,2,NA,NA,NA,NA,0.698131701,20
AmbodivohitraKobahina,Nocturnal,3,3,Lepilemur,seali,1,0,NA,NA,NA,0,0
Ambodihasina,Nocturnal,1,2,Cheirogaleus,crossleyi,1,NA,1,NA,NA,1.221730476,9
Androfiabe,Nocturnal,3,2,Microcebus,mittermeieri,1,0,1,NA,NA,1.396263402,6
Ambodihasina,Nocturnal,1,1,Allocebus,trichotis,1,NA,1,NA,NA,0.872664626,6
Betaolana,Nocturnal,2,1,Microcebus,mittermeieri,1,0,1,NA,NA,0.785398163,8
Ambodimandresy,Nocturnal,1,3,Avahi,laniger,1,NA,1,NA,NA,0.34906585,25
AmbodivohitraKobahina,Nocturnal,3,1,Microcebus,mittermieiri,1,0,NA,NA,NA,2.268928028,7
AmbodivohitraKobahina,Nocturnal,3,3,Allocebus,trichotis,1,0,NA,NA,NA,1.221730476,15
Ambodihasina,Nocturnal,3,1,Cheirogaleus,crossleyi,1,NA,1,NA,NA,1.221730476,15
Androfiabe,Nocturnal,3,2,Microcebus,mittermeieri,1,0,1,NA,NA,1.396263402,8
AmbodivohitraKobahina,Nocturnal,2,2,Cheirogaleus,crossleyi,1,0,NA,NA,NA,0.785398163,25
Ambodihasina,Nocturnal,3,3,Cheirogaleus,crossleyi,1,NA,NA,NA,NA,1.047197551,5
Ambodivoara,Nocturnal,2,1,Cheirogaleus,crossleyi,1,0,1,0,0,0.698131701,20
Ambodihasina,Nocturnal,2,2,Cheirogaleus,crossleyi,2,NA,NA,NA,NA,1.396263402,25
Betaolana,Nocturnal,2,1,Allocebus,trichotis,1,0,1,NA,NA,1.047197551,6
Ambodivoara,Nocturnal,2,3,Cheirogaleus,crossleyi,1,0,1,0,0,1.221730476,25
Ambodivoara,Nocturnal,1,14,Cheirogaleus,crossleyi,1,0,0,0,0,NA,NA
Ambodimandresy,Nocturnal,3,1,Microcebus,mittermeieri,1,NA,1,NA,NA,1.396263402,0.5
Ambodimandresy,Nocturnal,3,2,Avahi,laniger,1,NA,1,NA,NA,0.261799388,4
Ambodimandresy,Nocturnal,3,1,Microcebus,mittermeieri,1,NA,NA,NA,NA,0.261799388,15
Ambodimandresy,Nocturnal,3,1,Microcebus,mittermeieri,1,NA,NA,NA,NA,0.523598776,12
Ambodimandresy,Nocturnal,3,1,Microcebus,mittermeieri,1,NA,NA,NA,NA,1.396263402,8
Ambodivoara,Nocturnal,1,24,Lepilemur,seali,NA,NA,2,NA,NA,0,0
Ambodivoara,Nocturnal,2,25,Microcebus,lehilahytsara,NA,NA,1,NA,NA,1.396263402,10
Androfiabe,Nocturnal,3,4,Cheirogaleus,crossleyi,1,0,1,NA,NA,0,0
Androfiabe,Nocturnal,1,7,Cheirogaleus,crossleyi,1,0,1,NA,NA,0,0
Androfiabe,Nocturnal,1,7,Cheirogaleus,crossleyi,1,0,1,NA,NA,1.221730476,12
Androfiabe,Nocturnal,2,4,Lepilemur,seali,1,0,1,NA,NA,0,0
Androfiabe,Nocturnal,1,6,Allocebus,trichotis,1,0,1,NA,NA,1.570796327,8
Androfiabe,Nocturnal,3,8,Cheirogaleus,crossleyi,2,0,2,NA,NA,0.785398163,30
Ambodivoara,Nocturnal,3,20,Cheirogaleus,crossleyi,NA,NA,1,NA,NA,1.570796327,30
Androfiabe,Nocturnal,1,4,Cheirogaleus,crossleyi,1,0,1,NA,NA,1.570796327,30
Ambodivoara,Nocturnal,2,26,Cheirogaleus,crossleyi,NA,NA,1,NA,NA,0,0
Ambodivoara,Nocturnal,1,23,Microcebus,lehilahytsara,NA,NA,1,NA,NA,5.585053606,6
Androfiabe,Nocturnal,3,5,Cheirogaleus,crossleyi,1,1,1,NA,NA,0,0
Androfiabe,Nocturnal,1,8,Cheirogaleus,crossleyi,1,0,1,NA,NA,0,0
Androfiabe,Nocturnal,3,8,Cheirogaleus,crossleyi,1,0,1,NA,NA,1.570796327,11
Androfiabe,Nocturnal,2,8,Lepilemur,seali,1,0,1,NA,NA,1.570796327,3
Androfiabe,Nocturnal,3,6,Microcebus,lehilahytsara,1,0,1,NA,NA,0,0
Androfiabe,Nocturnal,3,7,Allocebus,trichotis,1,0,1,NA,NA,0,0
Androfiabe,Nocturnal,3,5,Cheirogaleus,crossleyi,1,0,1,NA,NA,0,0
Ambodivoara,Nocturnal,1,22,Lepilemur,seali,NA,NA,1,NA,NA,1.047197551,7
Ambodivoara,Nocturnal,3,20,Allocebus,trichotis,NA,NA,1,NA,NA,1.396263402,20
Androfiabe,Nocturnal,1,4,Cheirogaleus,crossleyi,1,0,1,NA,NA,0,0
Androfiabe,Nocturnal,1,7,Avahi,laniger,1,0,1,NA,NA,0,0
Androfiabe,Nocturnal,2,8,Lepilemur,seali,1,0,1,NA,NA,1.570796327,6
Androfiabe,Nocturnal,3,4,Microcebus,lehilahytsara,1,0,1,NA,NA,1.570796327,10
Androfiabe,Nocturnal,3,4,Microcebus,lehilahytsara,1,0,1,NA,NA,0.523598776,3
Androfiabe,Nocturnal,1,6,Cheirogaleus,crossleyi,1,0,1,NA,NA,0,0
Androfiabe,Nocturnal,1,8,Cheirogaleus,crossleyi,1,0,1,NA,NA,1.570796327,15
Androfiabe,Nocturnal,2,5,Lepilemur,seali,2,0,2,NA,NA,1.570796327,10
Androfiabe,Nocturnal,1,4,Avahi,laniger,3,1,2,NA,1,1.570796327,2
Androfiabe,Nocturnal,2,4,Cheirogaleus,crossleyi,1,0,1,NA,NA,1.570796327,30
Androfiabe,Nocturnal,2,8,Cheirogaleus,crossleyi,1,0,1,NA,NA,1.570796327,20
Androfiabe,Nocturnal,2,5,Microcebus,lehilahytsara,1,0,1,NA,NA,1.570796327,22
Androfiabe,Nocturnal,2,5,Allocebus,trichotis,1,0,1,NA,NA,1.047197551,12
Androfiabe,Nocturnal,3,5,Cheirogaleus,crossleyi,1,0,1,NA,NA,0,0
Androfiabe,Nocturnal,2,4,Lepilemur,seali,1,0,1,1,0,1.570796327,4
Androfiabe,Nocturnal,3,7,Avahi,laniger,1,0,1,NA,NA,0,0
Androfiabe,Nocturnal,3,4,Cheirogaleus,crossleyi,1,0,1,NA,NA,1.570796327,8
Androfiabe,Nocturnal,2,4,Lepilemur,seali,1,0,1,NA,NA,1.570796327,20
Androfiabe,Nocturnal,3,5,Allocebus,trichotis,1,0,1,NA,NA,0,0
Androfiabe,Nocturnal,3,4,Cheirogaleus,crossleyi,1,0,1,NA,NA,1.570796327,23
Androfiabe,Nocturnal,3,5,Avahi,laniger,3,1,2,1,1,1.570796327,20
Androfiabe,Nocturnal,3,8,Cheirogaleus,crossleyi,1,0,1,NA,NA,1.570796327,20
Androfiabe,Nocturnal,3,8,Cheirogaleus,crossleyi,1,0,1,NA,NA,1.570796327,28
Ambodivoara,Nocturnal,4,22,Lepilemur,seali,NA,NA,1,NA,NA,1.570796327,20
Androfiabe,Nocturnal,3,7,Cheirogaleus,crossleyi,1,0,1,NA,NA,1.570796327,15
Androfiabe,Nocturnal,3,5,Cheirogaleus,crossleyi,1,0,1,NA,NA,1.047197551,22
Androfiabe,Nocturnal,1,8,Allocebus,trichotis,1,0,1,NA,NA,1.570796327,5
Androfiabe,Nocturnal,3,7,Cheirogaleus,crossleyi,1,0,1,NA,NA,1.570796327,12
Androfiabe,Nocturnal,1,4,Cheirogaleus,crossleyi,1,0,1,NA,NA,0,0
Androfiabe,Nocturnal,3,5,Microcebus,lehilahytsara,1,0,1,NA,NA,0.785398163,5
Androfiabe,Nocturnal,2,5,Avahi,laniger,1,0,1,NA,NA,1.570796327,2
Androfiabe,Nocturnal,2,5,Microcebus,lehilahytsara,1,0,1,NA,NA,0.785398163,5
Androfiabe,Nocturnal,3,5,Cheirogaleus,crossleyi,1,0,1,NA,NA,1.570796327,24
Androfiabe,Nocturnal,3,4,Microcebus,lehilahytsara,1,0,1,NA,NA,1.570796327,15
Androfiabe,Nocturnal,3,4,Cheirogaleus,crossleyi,1,0,1,NA,NA,0,0
Androfiabe,Nocturnal,2,4,Cheirogaleus,crossleyi,2,0,2,NA,NA,1.570796327,20
Androfiabe,Nocturnal,1,4,Microcebus,lehilahytsara,1,0,1,NA,NA,1.570796327,4
Androfiabe,Nocturnal,3,4,Cheirogaleus,crossleyi,1,0,1,NA,NA,0.523598776,25
Androfiabe,Nocturnal,3,4,Lepilemur,seali,1,0,1,NA,NA,0,0
Betaolana,Diurnal,3,3,Eulemur,albifrons,NA,NA,NA,NA,NA,NA,NA
Betaolana,Diurnal,2,3,Eulemur,albifrons,2,0,2,1,1,1.396263402,25
Ambavala,Diurnal,1,3,Eulemur,albifrons,6,0,6,3,3,0.610865238,8
Befamatra,Diurnal,1,3,Eulemur,rubriventer,4,1,3,1,2,1.047197551,10
Befamatra,Diurnal,3,3,Eulemur,albifrons,7,1,6,3,3,1.221730476,13
Ambodivoara,Diurnal,2,4,Eulemur,albifrons,6,1,5,2,3,0.523598776,20
Ambodivoara,Diurnal,1,3,Propithecus,candidus,3,1,2,1,1,0.34906585,25
Befamatra,Diurnal,1,1,Eulemur,rubriventer,4,NA,NA,1,3,0.523598776,50
Betaolana,Diurnal,3,4,Propithecus,candidus,2,0,2,1,1,0.698131701,10
Ambodivoara,Diurnal,5,2,Eulemur,rubriventer,4,1,3,1,2,0.34906585,10
Ambodihasina,Diurnal,1,1,NA,NA,0,0,0,0,0,NA,NA
Ambodivoara,Diurnal,2,2,NA,NA,0,0,0,0,0,NA,NA
Ambodimandresy,Diurnal,2,1,NA,NA,NA,NA,NA,NA,NA,NA,15
Befamatra,Diurnal,1,1,Propithecus,candidus,NA,NA,NA,NA,NA,NA,NA
Androfiabe,Diurnal,3,1,NA,NA,0,0,0,0,0,NA,NA
Betaolana,Diurnal,3,1,NA,NA,0,0,0,0,0,NA,NA
Androfiabe,Diurnal,1,1,NA,NA,0,0,0,0,0,NA,NA
Betaolana,Diurnal,2,1,NA,NA,0,0,0,0,0,NA,NA
Androfiabe,Diurnal,2,1,NA,NA,0,0,0,0,0,NA,NA
Betaolana,Diurnal,1,1,NA,NA,0,0,0,0,0,NA,NA
Betaolana,Diurnal,2,2,NA,NA,0,0,0,0,0,NA,NA
Ambodihasina,Diurnal,3,1,NA,NA,0,0,0,0,0,NA,NA
Befamatra,Nocturnal,3,1,NA,NA,NA,NA,NA,NA,NA,NA,NA
Ambodimandresy,Nocturnal,1,1,NA,NA,NA,NA,NA,NA,NA,NA,NA
Ambodivoara,Diurnal,2,3,NA,NA,0,0,0,0,0,NA,NA
Befamatra,Diurnal,3,1,Propithecus,candidus,NA,NA,NA,NA,NA,NA,NA
Befamatra,Diurnal,2,1,NA,NA,NA,NA,NA,NA,NA,NA,NA
Betaolana,Diurnal,1,2,NA,NA,5,1,4,2,3,1.047197551,15
Ambodivoara,Diurnal,5,3,NA,NA,0,0,0,0,0,NA,NA
Ambodivoara,Diurnal,1,2,NA,NA,0,0,0,0,0,NA,NA
Ambodivoara,Diurnal,1,4,NA,NA,0,0,0,0,0,NA,NA
Betaolana,Diurnal,1,5,NA,NA,0,0,0,0,0,NA,NA
Betaolana,Diurnal,2,4,NA,NA,0,0,0,0,0,1.047197551,30
Androfiabe,Diurnal,1,2,NA,NA,0,0,0,0,0,1.396263402,12
Androfiabe,Diurnal,3,2,NA,NA,0,0,0,0,0,NA,NA
Androfiabe,Diurnal,1,3,NA,NA,0,0,0,0,0,NA,NA
Androfiabe,Diurnal,2,3,NA,NA,0,0,0,0,0,NA,NA
Androfiabe,Diurnal,3,3,NA,NA,0,0,0,0,0,NA,NA
Androfiabe,Diurnal,2,4,NA,NA,0,0,0,0,0,NA,NA
Androfiabe,Diurnal,1,4,NA,NA,0,0,0,0,0,NA,NA
Androfiabe,Diurnal,3,4,NA,NA,0,0,0,0,0,NA,NA
Befamatra,Diurnal,3,2,NA,NA,NA,NA,NA,NA,NA,1.047197551,10
Befamatra,Diurnal,2,2,NA,NA,NA,NA,NA,NA,NA,NA,NA
Befamatra,Diurnal,2,3,NA,NA,NA,NA,NA,NA,NA,NA,NA
Befamatra,Diurnal,3,4,NA,NA,NA,NA,NA,NA,NA,NA,NA
Befamatra,Diurnal,2,4,NA,NA,NA,NA,NA,NA,NA,NA,NA
Befamatra,Diurnal,1,4,NA,NA,NA,NA,NA,NA,NA,NA,NA
Ambodihasina,Diurnal,2,1,NA,NA,0,0,0,0,0,NA,NA
Ambodihasina,Diurnal,3,3,NA,NA,0,0,0,0,0,NA,NA
Ambodihasina,Diurnal,1,4,NA,NA,O,0,0,0,0,NA,NA
Ambodihasina,Diurnal,2,2,NA,NA,0,0,0,0,0,NA,NA
Ambodihasina,Diurnal,3,4,NA,NA,0,0,0,0,0,NA,NA
Ambodimandresy,Diurnal,1,1,NA,NA,NA,NA,NA,NA,NA,NA,NA
Ambodimandresy,Diurnal,1,2,NA,NA,NA,NA,NA,NA,NA,NA,NA
Ambodimandresy,Diurnal,2,2,NA,NA,NA,NA,NA,NA,NA,NA,NA
Ambodimandresy,Diurnal,3,2,NA,NA,NA,NA,NA,NA,NA,NA,NA
Ambodimandresy,Diurnal,1,3,NA,NA,NA,NA,NA,NA,NA,NA,NA
Ambodimandresy,Diurnal,2,3,NA,NA,NA,NA,NA,NA,NA,NA,NA
Ambodimandresy,Diurnal,3,3,NA,NA,NA,NA,NA,NA,NA,NA,NA
Ambodimandresy,Diurnal,2,4,NA,NA,NA,NA,NA,NA,NA,NA,10
Ambodimandresy,Diurnal,1,4,NA,NA,NA,NA,NA,NA,NA,NA,NA
Ambodihasina,Diurnal,2,3,NA,NA,0,0,0,0,0,NA,NA
Ambodihasina,Diurnal,2,4,NA,NA,0,0,0,0,0,NA,NA
Ambodivoara,Nocturnal,5,1,NA,NA,0,0,0,0,0,NA,NA
Ambodivoara,Nocturnal,1,2,NA,NA,NA,NA,NA,NA,NA,0.785398163,6
Androfiabe,Nocturnal,3,1,NA,NA,0,0,0,0,0,NA,NA
Ambodivoara,Diurnal,4,39,NA,NA,0,0,0,0,0,NA,NA
Ambodivoara,Diurnal,3,38,NA,NA,NA,NA,NA,NA,NA,NA,NA
Ambodivoara,Diurnal,2,42,NA,NA,NA,NA,NA,NA,NA,NA,NA
Ambodivoara,Diurnal,2,41,NA,NA,NA,NA,NA,NA,NA,NA,NA
Ambodivoara,Diurnal,4,37,NA,NA,0,0,0,0,0,NA,NA
Ambodivoara,Diurnal,4,38,NA,NA,0,0,0,0,0,NA,NA
Ambodivoara,Diurnal,1,45,NA,NA,NA,NA,NA,NA,NA,NA,NA
Ambodivoara,Diurnal,4,40,NA,NA,NA,NA,NA,NA,NA,NA,NA
Ambodivoara,Diurnal,1,46,NA,NA,NA,NA,NA,NA,NA,NA,NA
Ambodivoara,Diurnal,4,41,NA,NA,0,0,0,NA,NA,NA,NA
Ambodivoara,Diurnal,4,35,NA,NA,0,0,0,0,0,NA,NA
Ambodivoara,Diurnal,2,43,NA,NA,NA,NA,NA,NA,NA,NA,NA
Ambodivoara,Diurnal,4,30,NA,NA,0,0,0,0,0,NA,NA
Ambodivoara,diurnal,2,38,NA,NA,0,0,0,0,0,NA,NA
Ambodivoara,Diurnal,4,27,NA,NA,0,0,0,0,0,NA,NA
Ambodivoara,Diurnal,2,40,NA,NA,0,0,0,0,0,NA,NA
Ambodivoara,Diurnal,4,28,NA,NA,0,0,0,0,0,NA,NA
Ambodivoara,Diurnal,3,37,NA,NA,0,0,0,0,0,NA,NA
Antanambe,Diurnal,1,1,NA,,0,0,NA,0,0,NA,NA
Antanambe,Diurnal,2,1,NA,,0,0,NA,0,0,NA,NA
Antanambe,Diurnal,3,1,NA,,0,0,NA,0,0,NA,NA
Antanambe,Diurnal,3,2,NA,,0,0,NA,0,0,NA,NA
Antanambe,Diurnal,1,2,NA,,0,0,NA,0,0,NA,NA
Antanambe,Diurnal,1,3,NA,,0,0,NA,0,0,NA,NA
Antanambe,Diurnal,2,3,NA,,0,0,NA,0,0,NA,NA
Antanambe,Diurnal,2,4,NA,,0,0,NA,0,0,NA,NA
Antanambe,Diurnal,3,3,NA,,0,0,NA,0,0,NA,NA
Antanambe,Diurnal,1,4,NA,,0,0,NA,0,0,NA,NA
Antanambe,Diurnal,3,4,NA,,0,0,NA,0,0,NA,NA
Ambodivoara,Diurnal,1,30,NA,NA,0,0,0,0,0,NA,NA
Ambodivoara,Diurnal,1,31,NA,NA,0,0,0,0,0,NA,NA
Ambodivoara,Diurnal,1,32,NA,NA,0,0,0,0,0,NA,NA
Ambodivoara,Diurnal,2,28,NA,NA,0,0,0,0,0,NA,NA
Ambodivoara,Diurnal,1,32,NA,NA,0,0,0,0,0,NA,NA
Ambodivoara,Diurnal,2,30,NA,NA,0,0,0,0,0,NA,NA
Ambodivoara,Diurnal,3,25,NA,NA,0,0,0,0,0,NA,NA
Ambodivoara,Diurnal,2,31,Eulemur,rubriventer,2,0,2,1,1,5.410520681,15
Ambodivoara,Diurnal,1,35,NA,NA,NA,NA,NA,NA,NA,NA,NA
Ambodivoara,Diurnal,1,37,NA,NA,0,0,0,0,0,NA,NA
Ambodivoara,Diurnal,1,38,NA,NA,0,0,0,0,0,NA,NA
Ambodivoara,Diurnal,2,33,NA,NA,0,0,0,0,0,NA,NA
Ambodivoara,Diurnal,1,39,NA,NA,0,0,0,0,0,NA,NA
Ambodivoara,Diurnal,4,24,NA,NA,0,0,0,0,0,NA,NA
Ambodivoara,Diurnal,4,31,NA,NA,0,0,0,0,0,NA,NA
Ambodivoara,Diurnal,2,34,NA,NA,NA,NA,NA,NA,NA,NA,NA
Ambodivoara,Diurnal,1,43,NA,NA,0,0,0,0,0,NA,NA
Ambodivoara,Diurnal,4,34,NA,NA,0,0,0,0,0,NA,NA
Ambodivoara,Diurnal,3,32,NA,NA,0,0,0,0,NA,NA,NA
Ambodivoara,Diurnal,3,33,NA,NA,0,0,0,0,0,NA,NA
Ambodivoara,Diurnal,1,15,NA,NA,0,0,0,0,0,NA,NA
Ambodivoara,Diurnal,1,44,NA,NA,0,0,0,0,0,NA,NA
Ambodivoara,Diurnal,2,44,NA,NA,NA,NA,NA,NA,NA,NA,NA
Ambodivoara,Diurnal,3,41,NA,NA,NA,NA,NA,NA,NA,NA,NA
Ambavala,Nocturnal,2,1,NA,NA,0,0,0,0,0,0,0
Ambavala,Diurnal,1,1,NA,NA,0,0,0,NA,NA,NA,NA
Ambavala,Diurnal,2,1,NA,NA,0,0,0,NA,NA,NA,NA
Ambavala,Diurnal,3,1,NA,NA,0,0,0,NA,NA,NA,NA
Ambavala,Diurnal,2,2,NA,NA,,NA,NA,NA,NA,NA,NA
Ambavala,Diurnal,2,3,NA,NA,,NA,NA,NA,NA,NA,NA
Ambavala,Diurnal,2,4,NA,NA,,NA,NA,NA,NA,NA,NA
Ambavala,Diurnal,3,2,NA,NA,,NA,NA,NA,NA,NA,NA
Ambavala,Diurnal,3,3,NA,NA,,NA,NA,NA,NA,NA,NA
AmbodivohitraKobahina,Diurnal,1,1,NA,NA,0,0,0,0,0,NA,NA
AmbodivohitraKobahina,Diurnal,2,1,NA,NA,0,0,0,0,0,NA,NA
AmbodivohitraKobahina,Diurnal,2,2,NA,NA,0,0,0,0,0,NA,NA
AmbodivohitraKobahina,Diurnal,1,2,NA,NA,0,0,NA,NA,NA,NA,NA
AmbodivohitraKobahina,Diurnal,3,1,NA,NA,0,0,0,0,0,NA,NA
AmbodivohitraKobahina,Diurnal,1,3,NA,NA,0,0,0,0,0,NA,NA
AmbodivohitraKobahina,Diurnal,3,2,NA,NA,0,0,0,0,0,NA,NA
AmbodivohitraKobahina,Diurnal,2,3,NA,NA,0,0,0,0,0,NA,NA
AmbodivohitraKobahina,Diurnal,3,3,NA,NA,0,0,0,0,0,NA,NA
AmbodivohitraKobahina,Diurnal,2,4,NA,NA,0,0,0,0,0,NA,NA
Ambodivoara,Diurnal,2,4,NA,NA,0,0,0,0,0,NA,NA
Ambodivoara,Diurnal,3,1,NA,NA,0,0,0,0,0,NA,NA
Ambodivoara,Diurnal,2,6,NA,NA,0,0,0,0,0,NA,NA
Ambodivoara,Diurnal,1,6,NA,NA,0,0,0,0,0,NA,NA
Ambodivoara,Diurnal,2,7,NA,NA,0,0,0,0,0,NA,NA
Ambodivoara,Diurnal,1,7,NA,NA,0,0,0,0,0,NA,NA
Ambodivoara,Diurnal,2,8,NA,NA,0,0,0,0,0,NA,NA
Ambodivoara,Diurnal,2,10,NA,NA,NA,NA,NA,NA,NA,NA,NA
Ambodivoara,Diurnal,3,7,NA,NA,0,0,0,0,0,NA,NA
Ambodivoara,Diurnal,2,11,NA,NA,0,0,0,0,0,NA,NA
Ambodivoara,Diurnal,4,2,NA,NA,0,0,0,0,0,NA,NA
Ambodivoara,Diurnal,3,9,NA,NA,0,0,0,0,0,NA,NA
Ambodivoara,Diurnal,2,12,NA,NA,0,0,0,0,0,NA,NA
Ambodivoara,Diurnal,1,13,NA,NA,0,0,0,0,0,NA,NA
Ambodivoara,Diurnal,3,10,NA,NA,0,0,0,0,0,NA,NA
Ambodivoara,Diurnal,2,13,NA,NA,0,0,0,0,0,NA,NA
Ambodivoara,Diurnal,4,5,NA,NA,0,0,0,0,0,NA,NA
Ambodivoara,Diurnal,3,11,NA,NA,0,0,0,0,0,NA,NA
Ambodivoara,Diurnal,2,14,NA,NA,0,0,0,0,0,NA,NA
Ambodivoara,Diurnal,1,15,NA,NA,0,0,0,0,0,NA,NA
Ambodivoara,Diurnal,3,12,NA,NA,0,0,0,0,0,NA,NA
Ambodivoara,Diurnal,3,13,NA,NA,0,0,0,0,0,NA,0
Ambodivoara,Diurnal,2,16,NA,NA,0,0,0,0,0,NA,NA
Ambodivoara,Diurnal,2,17,NA,NA,0,0,0,0,0,NA,NA
Ambodivoara,Diurnal,1,17,NA,NA,0,0,0,0,0,NA,NA
Ambodivoara,Diurnal,3,14,NA,NA,0,0,0,0,0,NA,NA
Ambodivoara,Diurnal,4,7,NA,NA,0,0,0,0,0,NA,NA
Ambodivoara,Diurnal,2,18,NA,NA,0,0,0,0,0,NA,0
Ambodivoara,Diurnal,1,18,NA,NA,0,0,0,0,0,NA,NA
Ambodivoara,Diurnal,1,20,NA,NA,0,0,0,0,0,NA,NA
Ambodivoara,Diurnal,4,8,NA,NA,0,0,0,0,0,NA,0
Ambodivoara,Diurnal,2,20,NA,NA,0,0,0,0,0,NA,NA
Ambodivoara,Diurnal,1,23,NA,NA,0,0,0,0,0,NA,NA
Ambodivoara,Diurnal,4,9,NA,NA,0,0,0,0,0,NA,NA
Ambodivoara,Diurnal,4,10,NA,NA,0,0,0,0,0,NA,NA
Ambodivoara,Diurnal,3,15,NA,NA,0,0,0,0,0,NA,NA
Ambodivoara,Diurnal,4,11,NA,NA,0,0,0,0,0,NA,NA
Ambodivoara,Diurnal,2,21,NA,NA,0,0,0,0,0,NA,NA
Ambodivoara,Diurnal,4,12,NA,NA,0,0,0,0,0,NA,NA
Ambodivoara,Diurnal,1,24,NA,NA,0,0,0,0,0,NA,NA
Ambodivoara,Diurnal,2,22,NA,NA,0,0,0,0,0,NA,NA
Ambodivoara,Diurnal,4,13,NA,NA,0,0,0,0,0,NA,NA
Ambodivoara,Diurnal,4,14,NA,NA,0,0,0,0,0,NA,NA
Ambodivoara,Diurnal,2,23,NA,NA,0,0,0,0,0,NA,NA
Ambodivoara,Diurnal,3,16,NA,NA,0,0,0,0,0,NA,NA
Ambodivoara,Diurnal,4,15,NA,NA,0,0,0,0,0,NA,NA
Ambodivoara,Diurnal,4,16,NA,NA,0,0,0,0,0,NA,NA
Ambodivoara,Diurnal,1,26,NA,NA,0,0,0,0,0,NA,NA
Ambodivoara,Diurnal,1,27,NA,NA,0,0,0,0,0,NA,NA
Ambodivoara,Diurnal,4,17,NA,NA,0,0,0,0,0,NA,NA
Ambodivoara,Diurnal,3,17,NA,NA,0,0,0,0,0,NA,NA
Ambodivoara,Diurnal,1,28,NA,NA,0,0,0,0,0,NA,NA
Ambodivoara,Diurnal,3,18,NA,NA,0,0,0,0,0,NA,NA
Ambodivoara,Diurnal,2,24,NA,NA,0,0,0,0,0,NA,NA
Ambodivoara,Diurnal,2,25,NA,NA,0,0,0,0,0,NA,NA
Ambodivoara,Diurnal,1,29,NA,NA,0,0,0,0,0,NA,NA
Ambodivoara,Diurnal,2,26,NA,NA,0,0,0,0,0,NA,NA
Ambodivoara,Diurnal,3,19,NA,NA,0,0,0,0,0,NA,NA
Ambodivoara,Diurnal,2,27,NA,NA,0,0,0,0,0,NA,NA
Ambodivoara,Diurnal,3,20,NA,NA,0,0,0,0,0,NA,NA
Ambodivoara,Diurnal,4,19,NA,NA,0,0,0,0,0,NA,NA
Ambodivoara,Diurnal,4,20,NA,NA,0,0,0,0,0,NA,NA
Ambodivoara,Diurnal,3,22,NA,NA,0,0,0,0,0,NA,NA
Ambodivoara,Diurnal,4,21,NA,NA,0,0,0,0,0,NA,NA
Ambodivoara,Diurnal,4,22,NA,NA,0,0,0,0,0,NA,NA
Ambodivoara,Nocturnal,4,6,NA,NA,0,0,0,0,0,NA,NA
Ambodivoara,Nocturnal,1,10,NA,NA,0,0,0,0,0,NA,NA
Ambodivoara,Nocturnal,2,14,NA,NA,0,0,0,0,0,NA,NA
Ambodivoara,Nocturnal,4,10,NA,NA,0,0,0,0,0,NA,NA
Ambodivoara,Nocturnal,1,13,NA,NA,0,0,0,0,0,NA,NA
Androfiabe,Nocturnal,1,8,Cheirogaleus,crossleyi,1,0,1,NA,NA,1.570796327,6